"model","location","sowing","sampleSize","target","index","input","ciRange","original","bias","std..error","min..c.i.","max..c.i."
"ANN","Gunnedah","S2",50000,"EmergenceDAS","FirstOrder","Lat",0.0208187354277612,-0.00341361857921249,0.000246811247203896,0.00497417204273893,-0.0142197980382202,0.00659893738954107
"ANN","Gunnedah","S2",50000,"EmergenceDAS","FirstOrder","ShootLag",0.0207661013834676,0.00501359357793089,0.000190858066793918,0.0050407342538574,-0.00534810919027149,0.0154179921931961
"ANN","Gunnedah","S2",50000,"EmergenceDAS","FirstOrder","VegTarget",0.0206493762101602,-0.00222999424647937,0.000240668376641304,0.00496722073683636,-0.0129350657031295,0.00771431050703077
"ANN","Gunnedah","S2",50000,"EmergenceDAS","FirstOrder","LateVegTarget",0.0213211031108741,-0.000216815355202086,0.000222735838667661,0.00499463146658452,-0.0112686402411636,0.0100524628697104
"ANN","Gunnedah","S2",50000,"EmergenceDAS","FirstOrder","FloweringTarget",0.0209145431049589,-0.00343805168534568,0.000244501687911436,0.00498269006908742,-0.0142948984460131,0.00661964465894584
"ANN","Gunnedah","S2",50000,"EmergenceDAS","FirstOrder","Population",0.0207910935200637,-0.0033749384517476,0.000249506944861374,0.00497651982973592,-0.0141429103942284,0.00664818312583525
"ANN","Gunnedah","S2",50000,"EmergenceDAS","FirstOrder","FracPAWCmm",0.0206338185445632,-0.00136598211090612,0.000225295714792471,0.00501000279028988,-0.0119939200666841,0.0086398984778791
"ANN","Gunnedah","S2",50000,"EmergenceDAS","FirstOrder","PAWCmm",0.0208580532385148,-0.00335453391545187,0.000245205250901268,0.00497900906642583,-0.0141950478412657,0.00666300539724912
"ANN","Gunnedah","S2",50000,"EmergenceDAS","FirstOrder","sowingESW",0.0209115018558686,-0.00180225586637189,0.000257810375257946,0.00495041831713715,-0.0126029104049092,0.00830859145095934
"ANN","Gunnedah","S2",50000,"EmergenceDAS","FirstOrder","SowingDOY",0.020835516280936,-0.00109262064014224,0.000231657932542154,0.00495074997598903,-0.0117569336613307,0.00907858261960536
"ANN","Gunnedah","S2",50000,"EmergenceDAS","FirstOrder","AvgMinT0_30",0.0156663033417156,0.403876568191874,0.000170261063359101,0.0042117498086372,0.395712150921502,0.411378454263218
"ANN","Gunnedah","S2",50000,"EmergenceDAS","FirstOrder","AvgMinT30_60",0.021141282548784,0.00376304685323465,0.000291364843069019,0.00501930277765386,-0.00725669741503487,0.0138845851337491
"ANN","Gunnedah","S2",50000,"EmergenceDAS","FirstOrder","AvgMinT60_90",0.0209371134848313,-0.0029021906509221,0.000273221757812327,0.00496486710867581,-0.0138662771821384,0.00707083630269293
"ANN","Gunnedah","S2",50000,"EmergenceDAS","FirstOrder","AvgMaxT0_30",0.0182659133765596,0.394810177806753,-0.00041931831877795,0.00418730665097475,0.387712075395083,0.405977988771643
"ANN","Gunnedah","S2",50000,"EmergenceDAS","FirstOrder","AvgMaxT30_60",0.0208088957737391,0.020278921772146,0.000290918518196296,0.00494125854033762,0.00947042434376379,0.0302793201175028
"ANN","Gunnedah","S2",50000,"EmergenceDAS","FirstOrder","AvgMaxT60_90",0.0204726582966861,-0.00100734269481942,0.000232822449608404,0.00502429887875793,-0.0118000927788481,0.00867256551783793
"ANN","Gunnedah","S2",50000,"EmergenceDAS","FirstOrder","Rain0_30",0.0203457892151431,-0.00158185919096522,0.000219367006992839,0.00493921268447781,-0.011975198173407,0.00837059104173612
"ANN","Gunnedah","S2",50000,"EmergenceDAS","FirstOrder","Rain30_60",0.0206491104561217,-0.0031582886723073,0.000271230851243268,0.00497333551184546,-0.0137977265104496,0.00685138394567205
"ANN","Gunnedah","S2",50000,"EmergenceDAS","FirstOrder","Rain60_90",0.020925959851809,-0.0035440078161246,0.000237774162498842,0.0049755046775034,-0.0143970891905529,0.00652887066125611
"ANN","Gunnedah","S2",50000,"EmergenceDAS","FirstOrder","Radn0_30",0.0208633703432878,0.0121820898613616,0.000219234575782811,0.00503796103035754,0.00128331700889819,0.0221466873521859
"ANN","Gunnedah","S2",50000,"EmergenceDAS","FirstOrder","Radn30_60",0.0206933881136611,0.0297058867137752,0.000143577651333757,0.00500421003853103,0.0188425537914414,0.0395359419051025
"ANN","Gunnedah","S2",50000,"EmergenceDAS","FirstOrder","Radn60_90",0.0208515125584079,-0.00239989079206968,0.000263694448282462,0.00494799033442978,-0.013300231619174,0.00755128093923394
"ANN","Gunnedah","S2",50000,"EmergenceDAS","TotalEffects","Lat",3.46567052345171e-13,-8.65973959207622e-15,-8.13982214964426e-14,9.11646506700885e-14,-1.02390707312644e-13,2.44176345032526e-13
"ANN","Gunnedah","S2",50000,"EmergenceDAS","TotalEffects","ShootLag",0.000323472967402334,0.00895430554320054,-6.2712667928122e-06,7.42617151305007e-05,0.00879211507533993,0.00911558804274227
"ANN","Gunnedah","S2",50000,"EmergenceDAS","TotalEffects","VegTarget",5.27432899127991e-05,0.00123230553159825,-8.77169529063353e-07,1.2069707275875e-05,0.0012052420072464,0.00125798529715919
"ANN","Gunnedah","S2",50000,"EmergenceDAS","TotalEffects","LateVegTarget",0.00012487615817066,0.00341493217273747,-4.07857158743127e-06,3.19837321629283e-05,0.00335593531189528,0.00348081147006594
"ANN","Gunnedah","S2",50000,"EmergenceDAS","TotalEffects","FloweringTarget",3.90515416455634e-06,9.72910723965326e-05,6.49744212366564e-08,9.93397935422031e-07,9.55805518087073e-05,9.94857059732637e-05
"ANN","Gunnedah","S2",50000,"EmergenceDAS","TotalEffects","Population",1.62045424528093e-05,0.000278747261078238,-3.71527592999386e-07,3.78759331475186e-06,0.00027121822864864,0.000287422771101449
"ANN","Gunnedah","S2",50000,"EmergenceDAS","TotalEffects","FracPAWCmm",8.66691576601368e-05,0.00202229771328255,-8.45253827257576e-07,2.04954606905897e-05,0.00198182872588674,0.00206849788354687
"ANN","Gunnedah","S2",50000,"EmergenceDAS","TotalEffects","PAWCmm",1.01948411863105e-05,0.000228698012013306,-3.81745914499474e-07,2.43256976693759e-06,0.000223224665162673,0.000233419506348983
"ANN","Gunnedah","S2",50000,"EmergenceDAS","TotalEffects","sowingESW",7.98546182944945e-05,0.00177856426677148,-3.72008161701916e-06,2.00835609036787e-05,0.00174265014659553,0.00182250476489003
"ANN","Gunnedah","S2",50000,"EmergenceDAS","TotalEffects","SowingDOY",9.80478643245251e-05,0.0027161738799315,1.74001279964336e-10,2.56005021809524e-05,0.00266658716167916,0.00276463502600369
"ANN","Gunnedah","S2",50000,"EmergenceDAS","TotalEffects","AvgMinT0_30",0.016861949409042,0.48836450285686,5.20786837786003e-05,0.0037651233534215,0.48006358390643,0.496925533315471
"ANN","Gunnedah","S2",50000,"EmergenceDAS","TotalEffects","AvgMinT30_60",0.000547034557080682,0.0109611080111121,-7.93347485703727e-06,0.00012822054465705,0.0106847726434268,0.0112318072005075
"ANN","Gunnedah","S2",50000,"EmergenceDAS","TotalEffects","AvgMinT60_90",6.99570686968577e-05,0.00142250150795653,-3.63621827675019e-06,1.740601369771e-05,0.00138945165576238,0.00145940872445924
"ANN","Gunnedah","S2",50000,"EmergenceDAS","TotalEffects","AvgMaxT0_30",0.0141708309420959,0.487309987783424,-0.000698617590123296,0.00384110381328732,0.481652880585902,0.495823711527998
"ANN","Gunnedah","S2",50000,"EmergenceDAS","TotalEffects","AvgMaxT30_60",0.00108631353287675,0.0270674293688191,-4.05717265345995e-05,0.000253701168738407,0.0266293333467581,0.0277156468796348
"ANN","Gunnedah","S2",50000,"EmergenceDAS","TotalEffects","AvgMaxT60_90",0.000167677460842171,0.00396773242660164,-8.47544382139541e-06,4.41183352101619e-05,0.00390020055761067,0.00406787801845284
"ANN","Gunnedah","S2",50000,"EmergenceDAS","TotalEffects","Rain0_30",0.000182952347153322,0.0042943903539856,-6.16145300663673e-06,4.51944129776437e-05,0.00420076364205665,0.00438371598920997
"ANN","Gunnedah","S2",50000,"EmergenceDAS","TotalEffects","Rain30_60",6.61658191188667e-05,0.00132877948198851,-7.58933802597105e-07,1.685516472532e-05,0.00129810008241539,0.00136426590153426
"ANN","Gunnedah","S2",50000,"EmergenceDAS","TotalEffects","Rain60_90",1.7531376362316e-05,0.000362245348789259,5.86015216317312e-07,4.51060593280659e-06,0.000352349017113767,0.000369880393476083
"ANN","Gunnedah","S2",50000,"EmergenceDAS","TotalEffects","Radn0_30",0.000705765324780876,0.017320150951297,-2.19841758020839e-05,0.000183656638014569,0.0169649910043731,0.017670756329154
"ANN","Gunnedah","S2",50000,"EmergenceDAS","TotalEffects","Radn30_60",0.00119778175576114,0.036663452213848,-5.38387490342379e-05,0.000324999758088175,0.0361356566477901,0.0373334384035513
"ANN","Gunnedah","S2",50000,"EmergenceDAS","TotalEffects","Radn60_90",7.69254991710168e-05,0.00154645056425795,-1.48647344277216e-06,1.82247858990801e-05,0.00150950153286151,0.00158642703203253
"ANN","Gunnedah","S2",50000,"FloweringDAS","FirstOrder","Lat",0.015724479412047,0.00099913389863735,0.000216500178167156,0.00413619163054528,-0.0081271402535794,0.00759733915846756
"ANN","Gunnedah","S2",50000,"FloweringDAS","FirstOrder","ShootLag",0.0161673273527405,0.00991204122386532,0.000275855609587383,0.0041349175192177,0.000602486866618498,0.016769814219359
"ANN","Gunnedah","S2",50000,"FloweringDAS","FirstOrder","VegTarget",0.0157014965941622,0.0130595538583894,0.000208524499806555,0.00406178902156446,0.00413883833553355,0.0198403349296957
"ANN","Gunnedah","S2",50000,"FloweringDAS","FirstOrder","LateVegTarget",0.0168838079118117,0.00404887225838231,0.000308394284615435,0.00442541548218909,-0.00623720895183844,0.0106465989599732
"ANN","Gunnedah","S2",50000,"FloweringDAS","FirstOrder","FloweringTarget",0.0160087976169142,0.00612689487075863,8.01058669501918e-05,0.00413463764180846,-0.00285332272882642,0.0131554748880878
"ANN","Gunnedah","S2",50000,"FloweringDAS","FirstOrder","Population",0.0158061637088986,0.000949306386666173,0.000226414834895546,0.00413756838000014,-0.00819370302227809,0.00761246068662051
"ANN","Gunnedah","S2",50000,"FloweringDAS","FirstOrder","FracPAWCmm",0.0157302333221877,0.000607266321667592,0.00017658644376576,0.00424507685415413,-0.00877905307840876,0.0069511802437789
"ANN","Gunnedah","S2",50000,"FloweringDAS","FirstOrder","PAWCmm",0.0156438182913468,0.000975810737800515,0.000198074937992598,0.00410658527264007,-0.00812896620293937,0.00751485208840738
"ANN","Gunnedah","S2",50000,"FloweringDAS","FirstOrder","sowingESW",0.0156864004331933,0.0010924059904049,0.000265596188311094,0.00423117423952115,-0.00785323249266037,0.00783316794053291
"ANN","Gunnedah","S2",50000,"FloweringDAS","FirstOrder","SowingDOY",0.0188442249738114,0.125640074046712,0.00036457497049458,0.0045630455770898,0.115239607561673,0.134083832535485
"ANN","Gunnedah","S2",50000,"FloweringDAS","FirstOrder","AvgMinT0_30",0.0167928810600318,0.0879774942482659,0.000113614467999762,0.00428210416465119,0.0784576178061547,0.0952504988661865
"ANN","Gunnedah","S2",50000,"FloweringDAS","FirstOrder","AvgMinT30_60",0.0148476522690993,0.0967351119027024,0.000378309679121433,0.00390845396541667,0.0882639332955906,0.10311158556469
"ANN","Gunnedah","S2",50000,"FloweringDAS","FirstOrder","AvgMinT60_90",0.0162438241716287,0.042884272720258,3.5801730692564e-05,0.00419003488640377,0.0340130160781412,0.0502568402497699
"ANN","Gunnedah","S2",50000,"FloweringDAS","FirstOrder","AvgMaxT0_30",0.0130977230599441,0.231127932177607,-0.000222679648665486,0.00364377764786726,0.224915731541021,0.238013454600965
"ANN","Gunnedah","S2",50000,"FloweringDAS","FirstOrder","AvgMaxT30_60",0.0134705791312357,0.205292115790492,0.000728240816516401,0.00342696237413767,0.198238451488077,0.211709030619312
"ANN","Gunnedah","S2",50000,"FloweringDAS","FirstOrder","AvgMaxT60_90",0.017157800712645,0.0473798074323463,0.000301967070417783,0.00434904505771221,0.0377192015965175,0.0548770023091625
"ANN","Gunnedah","S2",50000,"FloweringDAS","FirstOrder","Rain0_30",0.0153169318230294,0.00124750235362744,0.000243374135575766,0.00409984752767456,-0.00763109037380527,0.00768584144922416
"ANN","Gunnedah","S2",50000,"FloweringDAS","FirstOrder","Rain30_60",0.015732827245008,0.0011397597080372,0.000243480747171125,0.00414234382156706,-0.00821926964454091,0.0075135576004671
"ANN","Gunnedah","S2",50000,"FloweringDAS","FirstOrder","Rain60_90",0.0156804829130527,0.00208161105739328,0.00021876397557934,0.00416115172568084,-0.00700483092297641,0.00867565199007627
"ANN","Gunnedah","S2",50000,"FloweringDAS","FirstOrder","Radn0_30",0.0166974680362112,0.00621127799912254,0.000233750304099249,0.00423356950634038,-0.00294902480391683,0.0137484432322943
"ANN","Gunnedah","S2",50000,"FloweringDAS","FirstOrder","Radn30_60",0.0159345775854065,0.00289314665329161,0.000263447693993109,0.00421319932752831,-0.00637161224943546,0.00956296533597102
"ANN","Gunnedah","S2",50000,"FloweringDAS","FirstOrder","Radn60_90",0.0159774778015744,0.00221532264816694,0.000319034041443595,0.00427459474245385,-0.00698979605114286,0.00898768175043155
"ANN","Gunnedah","S2",50000,"FloweringDAS","TotalEffects","Lat",1.22203260938421e-12,-1.53210777398272e-14,1.58217883239331e-14,3.27044162915641e-13,-6.29589479865987e-13,5.9244312951822e-13
"ANN","Gunnedah","S2",50000,"FloweringDAS","TotalEffects","ShootLag",0.000595575704298785,0.0132653207487055,7.63432009287003e-06,0.000140418649423164,0.0129140994793468,0.0135096751836456
"ANN","Gunnedah","S2",50000,"FloweringDAS","TotalEffects","VegTarget",0.00128288251276829,0.0237457123973962,8.51200900938917e-06,0.000326544400842544,0.0229803032161947,0.024263185728963
"ANN","Gunnedah","S2",50000,"FloweringDAS","TotalEffects","LateVegTarget",0.00169989380839328,0.0303224964426119,3.75602424632533e-05,0.000421241505215279,0.0294050375301221,0.0311049313385154
"ANN","Gunnedah","S2",50000,"FloweringDAS","TotalEffects","FloweringTarget",0.000303034376904383,0.00773609641699302,8.37394226557361e-06,7.92552080370559e-05,0.00757430088227416,0.00787733525917854
"ANN","Gunnedah","S2",50000,"FloweringDAS","TotalEffects","Population",1.83335283088711e-05,0.000429828897869355,1.27859450559933e-06,4.58819093544636e-06,0.000419793499738549,0.00043812702804742
"ANN","Gunnedah","S2",50000,"FloweringDAS","TotalEffects","FracPAWCmm",0.000227678842275826,0.00466268629815569,1.05869310980146e-05,5.91172263889623e-05,0.00454189704855125,0.00476957589082707
"ANN","Gunnedah","S2",50000,"FloweringDAS","TotalEffects","PAWCmm",2.52236585506557e-05,0.000539371343455608,2.02499800374626e-07,6.22154846089991e-06,0.000527118960492993,0.000552342619043648
"ANN","Gunnedah","S2",50000,"FloweringDAS","TotalEffects","sowingESW",0.000317819188539569,0.00675219077689504,1.27651495193584e-05,7.55713772225682e-05,0.0065973931189334,0.00691521230747297
"ANN","Gunnedah","S2",50000,"FloweringDAS","TotalEffects","SowingDOY",0.00645315470245919,0.202868050258203,0.000157153585737202,0.00166039232587567,0.199287488675663,0.205740643378122
"ANN","Gunnedah","S2",50000,"FloweringDAS","TotalEffects","AvgMinT0_30",0.00497274667026122,0.112898986878948,0.000125429030304242,0.00123238916236722,0.11013455678412,0.115107303454381
"ANN","Gunnedah","S2",50000,"FloweringDAS","TotalEffects","AvgMinT30_60",0.00372087591717803,0.1112186124321,9.97452291396916e-05,0.00100097814851217,0.109173785609502,0.11289466152668
"ANN","Gunnedah","S2",50000,"FloweringDAS","TotalEffects","AvgMinT60_90",0.00294361673534548,0.0598477226903134,0.000104623905788741,0.000648409581624551,0.0583874821631666,0.0613310988985121
"ANN","Gunnedah","S2",50000,"FloweringDAS","TotalEffects","AvgMaxT0_30",0.0096048701894742,0.258109504940926,0.000154442892007001,0.0021835811259735,0.253802766882073,0.263407637071547
"ANN","Gunnedah","S2",50000,"FloweringDAS","TotalEffects","AvgMaxT30_60",0.00738124755315731,0.218244315515164,0.000356401150793689,0.00179038578212093,0.214004215548073,0.22138546310123
"ANN","Gunnedah","S2",50000,"FloweringDAS","TotalEffects","AvgMaxT60_90",0.00310592001174392,0.0680296843398116,-6.51873079335619e-05,0.000806864610310727,0.0666124021050223,0.0697183221167662
"ANN","Gunnedah","S2",50000,"FloweringDAS","TotalEffects","Rain0_30",7.38713646812285e-05,0.00128382879158617,2.57826913112823e-06,1.76912524388178e-05,0.00124462696719213,0.00131849833187336
"ANN","Gunnedah","S2",50000,"FloweringDAS","TotalEffects","Rain30_60",4.07893923538078e-05,0.000771730675437898,-2.03753878773587e-07,9.63490022247185e-06,0.000752058884315552,0.000792848276669359
"ANN","Gunnedah","S2",50000,"FloweringDAS","TotalEffects","Rain60_90",6.40345382013109e-05,0.00158996505865217,2.36882072729427e-06,1.54832066270803e-05,0.00155486198551751,0.00161889652371882
"ANN","Gunnedah","S2",50000,"FloweringDAS","TotalEffects","Radn0_30",0.00107792640300968,0.0204604004715569,6.3505807357065e-05,0.000250154843449126,0.0198828989418931,0.0209608253449028
"ANN","Gunnedah","S2",50000,"FloweringDAS","TotalEffects","Radn30_60",0.000342819580218872,0.00580939443492656,1.16677245389175e-05,8.75673980355594e-05,0.00562590432966883,0.0059687239098877
"ANN","Gunnedah","S2",50000,"FloweringDAS","TotalEffects","Radn60_90",0.000374644073044279,0.00732932681814502,1.06679194890559e-05,8.73618769851504e-05,0.00710974731498962,0.0074843913880339
"ANN","Gunnedah","S2",50000,"PoddingDAS","FirstOrder","Lat",0.019014432816213,0.000912736034814793,0.00058377423784676,0.00432395795939657,-0.00839244964568437,0.0106219831705286
"ANN","Gunnedah","S2",50000,"PoddingDAS","FirstOrder","ShootLag",0.0197494956298009,0.00997548368514707,0.000555668719422897,0.00433063889187328,0.000371522287862653,0.0201210179176636
"ANN","Gunnedah","S2",50000,"PoddingDAS","FirstOrder","VegTarget",0.0189458384441946,0.00138403488803176,0.000653211697777904,0.00429352020610276,-0.00820483005318459,0.01074100839101
"ANN","Gunnedah","S2",50000,"PoddingDAS","FirstOrder","LateVegTarget",0.0191490320783683,0.00952122609007127,0.000593380343105054,0.00444085355878232,8.10080308036518e-05,0.0192300401091719
"ANN","Gunnedah","S2",50000,"PoddingDAS","FirstOrder","FloweringTarget",0.0185687822659021,0.00130316226217629,0.000608128774589077,0.0043016202953273,-0.00756178310241922,0.0110069991634829
"ANN","Gunnedah","S2",50000,"PoddingDAS","FirstOrder","Population",0.0186239400827355,0.00401976511815925,0.00057592117184535,0.00431118350263208,-0.00512659225875372,0.0134973478239817
"ANN","Gunnedah","S2",50000,"PoddingDAS","FirstOrder","FracPAWCmm",0.0184123388544774,0.0248632383281368,0.000581179060021163,0.00428371945445482,0.016059673506064,0.0344720123605414
"ANN","Gunnedah","S2",50000,"PoddingDAS","FirstOrder","PAWCmm",0.0188219660117235,0.00205715445764894,0.000623027940327817,0.00430074470726969,-0.00703948772386939,0.0117824782878541
"ANN","Gunnedah","S2",50000,"PoddingDAS","FirstOrder","sowingESW",0.0172619708991241,0.0419424466168797,0.000601051137769947,0.00407885539834482,0.0332916657669127,0.0505536366660368
"ANN","Gunnedah","S2",50000,"PoddingDAS","FirstOrder","SowingDOY",0.0175815083740459,0.15754510208897,0.000679188934751218,0.00443234641252081,0.147628284439708,0.165209792813754
"ANN","Gunnedah","S2",50000,"PoddingDAS","FirstOrder","AvgMinT0_30",0.0175458941421906,0.0454724892601474,0.000169751543210271,0.00407404376603662,0.0369418804196525,0.054487774561843
"ANN","Gunnedah","S2",50000,"PoddingDAS","FirstOrder","AvgMinT30_60",0.0198765640461106,0.015102610264076,0.00052890887262368,0.0044187358656222,0.00524153897039414,0.0251181030165047
"ANN","Gunnedah","S2",50000,"PoddingDAS","FirstOrder","AvgMinT60_90",0.0161174546055674,0.248585173266991,0.000516898076362349,0.00408252438558483,0.240475989962865,0.256593444568432
"ANN","Gunnedah","S2",50000,"PoddingDAS","FirstOrder","AvgMaxT0_30",0.0176696335179426,0.0280889644396043,0.000684583473433243,0.00419243189217575,0.0195855609683031,0.0372551944862457
"ANN","Gunnedah","S2",50000,"PoddingDAS","FirstOrder","AvgMaxT30_60",0.0183965064161206,0.0394287781674704,0.000581728694236054,0.00443637948854494,0.0301014700607548,0.0484979764768755
"ANN","Gunnedah","S2",50000,"PoddingDAS","FirstOrder","AvgMaxT60_90",0.0169525800043133,0.167443767815088,0.000574099901035852,0.00438517985843852,0.158467621468941,0.175420201473254
"ANN","Gunnedah","S2",50000,"PoddingDAS","FirstOrder","Rain0_30",0.0185836487779502,0.00697945334573113,0.000548120519335387,0.00430793095704546,-0.00230003465618655,0.0162836141217637
"ANN","Gunnedah","S2",50000,"PoddingDAS","FirstOrder","Rain30_60",0.0184993735101481,0.0117868566679667,0.000609950220080235,0.00441027254175353,0.00271337725071126,0.0212127507608593
"ANN","Gunnedah","S2",50000,"PoddingDAS","FirstOrder","Rain60_90",0.0185916224161129,0.016589043845021,0.000705181312418528,0.00437628106196746,0.00719623286584436,0.0257878552819572
"ANN","Gunnedah","S2",50000,"PoddingDAS","FirstOrder","Radn0_30",0.0178156385458968,0.00612535656284299,0.000720588162762583,0.00450016292682422,-0.00254681560538568,0.0152688229405112
"ANN","Gunnedah","S2",50000,"PoddingDAS","FirstOrder","Radn30_60",0.0181984137359138,0.0097647184531235,0.000448848506345976,0.00431811875254191,0.00135982586139174,0.0195582395973055
"ANN","Gunnedah","S2",50000,"PoddingDAS","FirstOrder","Radn60_90",0.0186465260888079,0.0197334226397571,0.000503625194383434,0.00442973701734728,0.0103464036526493,0.0289929297414572
"ANN","Gunnedah","S2",50000,"PoddingDAS","TotalEffects","Lat",3.53690842496337e-13,-8.99280649946377e-14,9.8024921513229e-14,9.09027588770011e-14,-3.72259721881766e-13,-1.8568879385429e-14
"ANN","Gunnedah","S2",50000,"PoddingDAS","TotalEffects","ShootLag",0.00046829956008722,0.011030218684059,-7.51075711999394e-07,0.000121381174365352,0.0107883377044978,0.0112566372645851
"ANN","Gunnedah","S2",50000,"PoddingDAS","TotalEffects","VegTarget",0.000171944619188011,0.00351640796092068,2.49693881696367e-07,4.30111038315745e-05,0.00341460595077587,0.00358655056996388
"ANN","Gunnedah","S2",50000,"PoddingDAS","TotalEffects","LateVegTarget",0.000828605435729015,0.0203980543200606,-3.01353598457926e-06,0.000186511878815975,0.0199788900688787,0.0208074955046077
"ANN","Gunnedah","S2",50000,"PoddingDAS","TotalEffects","FloweringTarget",8.57669427643251e-05,0.00215134202509915,-5.17544110370093e-06,2.28993624564219e-05,0.00211746222690449,0.00220322916966882
"ANN","Gunnedah","S2",50000,"PoddingDAS","TotalEffects","Population",0.00016403363336948,0.00428565321427754,3.90392811655971e-06,4.1348960459386e-05,0.00419459502457935,0.00435862865794883
"ANN","Gunnedah","S2",50000,"PoddingDAS","TotalEffects","FracPAWCmm",0.00130688128143552,0.0320036902015356,6.85743263692806e-05,0.000308316875127383,0.0312620589302782,0.0325689402117137
"ANN","Gunnedah","S2",50000,"PoddingDAS","TotalEffects","PAWCmm",0.000293897475330975,0.00511927500337572,1.12739276823121e-06,6.82839376404142e-05,0.00497379130200097,0.00526768877733195
"ANN","Gunnedah","S2",50000,"PoddingDAS","TotalEffects","sowingESW",0.00232804364386164,0.05261878108746,4.0849769152064e-05,0.00058173190401725,0.0512575800145476,0.0535856236584092
"ANN","Gunnedah","S2",50000,"PoddingDAS","TotalEffects","SowingDOY",0.00690869723629856,0.235201478308121,-0.000268537415919118,0.00177368905663147,0.231757470515686,0.238666167751984
"ANN","Gunnedah","S2",50000,"PoddingDAS","TotalEffects","AvgMinT0_30",0.00284004208668588,0.0624746417301305,1.55949684031154e-05,0.000699478321635948,0.0610672632109251,0.063907305297611
"ANN","Gunnedah","S2",50000,"PoddingDAS","TotalEffects","AvgMinT30_60",0.000696304518525325,0.0183706535729456,-1.35165695970794e-05,0.000178241780858019,0.0180321683707323,0.0187284728892576
"ANN","Gunnedah","S2",50000,"PoddingDAS","TotalEffects","AvgMinT60_90",0.0144852520081455,0.335114363598349,-0.00035469725694337,0.00323622399397881,0.329139899788393,0.343625151796538
"ANN","Gunnedah","S2",50000,"PoddingDAS","TotalEffects","AvgMaxT0_30",0.00107911819143756,0.0322114428965535,4.04333049102909e-05,0.000257750123357201,0.0316561266481073,0.0327352448395449
"ANN","Gunnedah","S2",50000,"PoddingDAS","TotalEffects","AvgMaxT30_60",0.00306226983149667,0.0626614030788005,3.09688933159552e-05,0.000781821981593868,0.0611343560547903,0.0641966258862869
"ANN","Gunnedah","S2",50000,"PoddingDAS","TotalEffects","AvgMaxT60_90",0.00997969872213883,0.212878892302635,-5.50047073723525e-05,0.00214684810088372,0.207780002966686,0.217759701688825
"ANN","Gunnedah","S2",50000,"PoddingDAS","TotalEffects","Rain0_30",0.000286407448128105,0.00799635165309498,-1.18241752138579e-05,7.55691044191538e-05,0.00786014557777217,0.00814655302590028
"ANN","Gunnedah","S2",50000,"PoddingDAS","TotalEffects","Rain30_60",0.000988802124678285,0.0220153594858691,-5.17620841431407e-05,0.000240110973866039,0.0216175616479758,0.022606363772654
"ANN","Gunnedah","S2",50000,"PoddingDAS","TotalEffects","Rain60_90",0.000883879721197193,0.0236515497042911,-5.49940483271505e-06,0.000209544077164208,0.0232281644981566,0.0241120442193538
"ANN","Gunnedah","S2",50000,"PoddingDAS","TotalEffects","Radn0_30",0.000835922443092187,0.0250306152995714,1.7091735643588e-05,0.000217769351107825,0.0245955431616531,0.0254314656047453
"ANN","Gunnedah","S2",50000,"PoddingDAS","TotalEffects","Radn30_60",0.000734835117856169,0.0173592052506569,-3.7763674386293e-05,0.000169251545930954,0.0170086926677678,0.017743527785624
"ANN","Gunnedah","S2",50000,"PoddingDAS","TotalEffects","Radn60_90",0.00137462461967824,0.0345536442714729,-3.21226509015712e-05,0.000350861637731439,0.033882055669427,0.0352566802891052
"ANN","Gunnedah","S2",50000,"MaturityDAS","FirstOrder","Lat",0.0187191675361513,0.00324100115877027,0.000161567314265321,0.00417613618593728,-0.00621021194113393,0.0125089555950174
"ANN","Gunnedah","S2",50000,"MaturityDAS","FirstOrder","ShootLag",0.0177816921142908,0.00715874089183378,0.000176167436621529,0.00418375039996545,-0.00185039631848024,0.0159312957958105
"ANN","Gunnedah","S2",50000,"MaturityDAS","FirstOrder","VegTarget",0.0182795034019434,0.00442152453843246,0.000184654853700748,0.00414351798030513,-0.00472043789254813,0.0135590655093953
"ANN","Gunnedah","S2",50000,"MaturityDAS","FirstOrder","LateVegTarget",0.0191050828363675,0.0030456548038065,0.000181855720352502,0.00420621822266095,-0.00657819396965864,0.0125268888667089
"ANN","Gunnedah","S2",50000,"MaturityDAS","FirstOrder","FloweringTarget",0.0186588130997411,0.0035035016396596,0.000170888263001781,0.00418804352206159,-0.00588883155929489,0.0127699815404462
"ANN","Gunnedah","S2",50000,"MaturityDAS","FirstOrder","Population",0.0187487429601924,0.00355349413961562,0.000200278874232258,0.00417470589266452,-0.00575047823833437,0.012998264721858
"ANN","Gunnedah","S2",50000,"MaturityDAS","FirstOrder","FracPAWCmm",0.0162368777857413,0.0536818169167209,-4.44067812607474e-05,0.00384830769324289,0.0457295943901394,0.0619664721758807
"ANN","Gunnedah","S2",50000,"MaturityDAS","FirstOrder","PAWCmm",0.0185129879068767,0.00316137992564836,0.000162743780918063,0.0041632074575487,-0.00621191284912083,0.0123010750577558
"ANN","Gunnedah","S2",50000,"MaturityDAS","FirstOrder","sowingESW",0.0171993019657715,0.080834963559806,0.000122821861296668,0.00415107548225425,0.0718079668834527,0.0890072688492242
"ANN","Gunnedah","S2",50000,"MaturityDAS","FirstOrder","SowingDOY",0.0173387010050493,0.317003534501798,-1.40873315460088e-05,0.00406827200788485,0.309753153483188,0.327091854488237
"ANN","Gunnedah","S2",50000,"MaturityDAS","FirstOrder","AvgMinT0_30",0.0179782786456325,0.0266109548525734,0.000120604729330322,0.00427454527651184,0.0168856301225419,0.0348639087681745
"ANN","Gunnedah","S2",50000,"MaturityDAS","FirstOrder","AvgMinT30_60",0.0180255529993249,0.0297772241535171,0.000182815951145547,0.00412441479095458,0.0205531765184628,0.0385787295177877
"ANN","Gunnedah","S2",50000,"MaturityDAS","FirstOrder","AvgMinT60_90",0.021643023295182,0.119030001519551,0.000129802175759933,0.00461260045986428,0.108572601333315,0.130215624628497
"ANN","Gunnedah","S2",50000,"MaturityDAS","FirstOrder","AvgMaxT0_30",0.015927812573878,0.0640166214574417,0.000137849104079324,0.00414223764338327,0.0557451328266951,0.0716729454005731
"ANN","Gunnedah","S2",50000,"MaturityDAS","FirstOrder","AvgMaxT30_60",0.0189573035661054,0.0623354038149242,0.000200650531869469,0.00441986357648034,0.0530623579913851,0.0720196615574905
"ANN","Gunnedah","S2",50000,"MaturityDAS","FirstOrder","AvgMaxT60_90",0.0173792280750958,0.162403664319205,0.000172693373847149,0.0042085491624456,0.153710849948378,0.171090078023473
"ANN","Gunnedah","S2",50000,"MaturityDAS","FirstOrder","Rain0_30",0.0187247769703654,0.00371489459126135,0.00012597233120254,0.00415731843760114,-0.00581286693124807,0.0129119100391173
"ANN","Gunnedah","S2",50000,"MaturityDAS","FirstOrder","Rain30_60",0.0169706861840309,0.00996306389915922,8.4998477720968e-05,0.0040610063959554,0.00180392741029049,0.0187746135943214
"ANN","Gunnedah","S2",50000,"MaturityDAS","FirstOrder","Rain60_90",0.0178921264667932,0.00994762858187847,0.00018091903156443,0.00408557019520547,0.000876418965483579,0.0187685454322768
"ANN","Gunnedah","S2",50000,"MaturityDAS","FirstOrder","Radn0_30",0.0185711442997129,0.00359040985674288,0.000131368692191878,0.0042249817369538,-0.00597335741780835,0.0125977868819046
"ANN","Gunnedah","S2",50000,"MaturityDAS","FirstOrder","Radn30_60",0.0183155395108746,0.00312767334653342,0.000187414587078359,0.00420209838846529,-0.00572951727555584,0.0125860222353188
"ANN","Gunnedah","S2",50000,"MaturityDAS","FirstOrder","Radn60_90",0.0173511825586721,0.012070980733598,0.000312877254834263,0.00408934847199211,0.00325250411142671,0.0206036866700988
"ANN","Gunnedah","S2",50000,"MaturityDAS","TotalEffects","Lat",8.2418108279306e-13,-6.55031584528842e-14,8.75355343765705e-14,1.74977274763468e-13,-5.80204108135464e-13,2.43976974657596e-13
"ANN","Gunnedah","S2",50000,"MaturityDAS","TotalEffects","ShootLag",0.000180819713202857,0.00486874183647457,1.17304353139652e-06,4.82377771231789e-05,0.00477471638740328,0.00495553610060614
"ANN","Gunnedah","S2",50000,"MaturityDAS","TotalEffects","VegTarget",0.00012244477705067,0.00245327244172566,1.5458682351842e-06,3.13861776629264e-05,0.00239752814262242,0.00251997291967309
"ANN","Gunnedah","S2",50000,"MaturityDAS","TotalEffects","LateVegTarget",9.06986283876255e-05,0.00194612280569162,1.00785370922216e-07,2.35367168453968e-05,0.00190195726149442,0.00199265588988204
"ANN","Gunnedah","S2",50000,"MaturityDAS","TotalEffects","FloweringTarget",1.58146618055619e-05,0.000356634957421442,-4.02430599332219e-07,4.0021481184953e-06,0.000350105194529593,0.000365919856335154
"ANN","Gunnedah","S2",50000,"MaturityDAS","TotalEffects","Population",9.10161462083755e-05,0.00202894117127239,-8.25710837753114e-07,2.29346041741053e-05,0.00198740571118261,0.00207842185739099
"ANN","Gunnedah","S2",50000,"MaturityDAS","TotalEffects","FracPAWCmm",0.00215660009293854,0.0552797667051361,-1.84876946085349e-05,0.000498836729571488,0.0541847140132455,0.056341314106184
"ANN","Gunnedah","S2",50000,"MaturityDAS","TotalEffects","PAWCmm",7.4253825636925e-05,0.00174831478781046,-6.19955414808996e-07,1.80748974123265e-05,0.0017121067657851,0.00178636059142203
"ANN","Gunnedah","S2",50000,"MaturityDAS","TotalEffects","sowingESW",0.00281187348484932,0.0845914295785681,-4.87783620770066e-06,0.00069420300686844,0.0831487915697575,0.0859606650546068
"ANN","Gunnedah","S2",50000,"MaturityDAS","TotalEffects","SowingDOY",0.0131978978700617,0.370578946456613,-6.15525018526908e-06,0.0032549820327315,0.363412421413758,0.37661031928382
"ANN","Gunnedah","S2",50000,"MaturityDAS","TotalEffects","AvgMinT0_30",0.00137340455060753,0.0299663230718558,-8.48398045790594e-06,0.000359964032839151,0.0292588958786033,0.0306323004292108
"ANN","Gunnedah","S2",50000,"MaturityDAS","TotalEffects","AvgMinT30_60",0.00199677305301601,0.0412905663362881,2.37833995169537e-05,0.000517915141242396,0.0402955329051235,0.0422923059581395
"ANN","Gunnedah","S2",50000,"MaturityDAS","TotalEffects","AvgMinT60_90",0.00520669118478373,0.134349155267647,0.000182369421022816,0.0012348282056074,0.131510875273564,0.136717566458348
"ANN","Gunnedah","S2",50000,"MaturityDAS","TotalEffects","AvgMaxT0_30",0.00246861556501377,0.0666411756756626,3.50318261574389e-05,0.000601053151392087,0.0653449312682308,0.0678135468332446
"ANN","Gunnedah","S2",50000,"MaturityDAS","TotalEffects","AvgMaxT30_60",0.00300787062134651,0.070808080873748,-3.9108265724952e-05,0.000712030431565552,0.0693556979896822,0.0723635686110287
"ANN","Gunnedah","S2",50000,"MaturityDAS","TotalEffects","AvgMaxT60_90",0.00735054783444211,0.17418702315591,-0.000133520469316251,0.00178609661478121,0.170578294717095,0.177928842551537
"ANN","Gunnedah","S2",50000,"MaturityDAS","TotalEffects","Rain0_30",7.71382919305169e-05,0.00156318058002247,1.9602263946249e-06,1.8492634560162e-05,0.00152336608334427,0.00160050437527479
"ANN","Gunnedah","S2",50000,"MaturityDAS","TotalEffects","Rain30_60",0.00077985417030694,0.0138816931741538,2.16091603637975e-06,0.000176767568065732,0.0134994527235848,0.0142793068938917
"ANN","Gunnedah","S2",50000,"MaturityDAS","TotalEffects","Rain60_90",0.000349924122348289,0.0091762293470824,-4.88275036190401e-06,9.29961698477906e-05,0.00899586213537938,0.00934578625772767
"ANN","Gunnedah","S2",50000,"MaturityDAS","TotalEffects","Radn0_30",0.00022281499149512,0.00470360883073739,9.72296709140109e-06,4.90181255844442e-05,0.00458510475327594,0.00480791974477106
"ANN","Gunnedah","S2",50000,"MaturityDAS","TotalEffects","Radn30_60",0.00012694664963213,0.00334305383067812,-2.73133596458315e-06,3.34085536727702e-05,0.00328094120524766,0.00340788785487979
"ANN","Gunnedah","S2",50000,"MaturityDAS","TotalEffects","Radn60_90",0.000587582326134373,0.0138466206500235,-1.53438122914955e-05,0.000142153089260847,0.0135604087930973,0.0141479911192317
"ANN","Gunnedah","S2",50000,"Biomass","FirstOrder","Lat",0.0201263281931178,0.00272425020147391,-0.000206996983214983,0.00462115465748923,-0.00613790235696858,0.0139884258361492
"ANN","Gunnedah","S2",50000,"Biomass","FirstOrder","ShootLag",0.02022830730445,0.00262556775361951,-0.000208796934153458,0.0046377718472155,-0.00626902466279512,0.0139592826416549
"ANN","Gunnedah","S2",50000,"Biomass","FirstOrder","VegTarget",0.0207714289242365,0.0124889784905852,-0.000163296759851595,0.00469397242000624,0.00318612040608891,0.0239575493303254
"ANN","Gunnedah","S2",50000,"Biomass","FirstOrder","LateVegTarget",0.0189688899330005,0.00619614652189847,-0.000227290472095552,0.00464769195192686,-0.0023172194282142,0.0166516705047863
"ANN","Gunnedah","S2",50000,"Biomass","FirstOrder","FloweringTarget",0.0197315928350057,0.0042272116791322,-0.000199234832187255,0.00462743867296869,-0.0044924752720735,0.0152391175629322
"ANN","Gunnedah","S2",50000,"Biomass","FirstOrder","Population",0.0179825961032589,0.0154348347741071,-0.000248188469789678,0.00459085255042487,0.00726235340856837,0.0252449495118272
"ANN","Gunnedah","S2",50000,"Biomass","FirstOrder","FracPAWCmm",0.0195250138719013,0.0190201075947159,-0.000377689995877215,0.00455959915356381,0.00930726333106202,0.0288322772029633
"ANN","Gunnedah","S2",50000,"Biomass","FirstOrder","PAWCmm",0.0168730313245945,0.026090786097223,-0.000347122565030708,0.00457395726008097,0.0188527311656428,0.0357257624902372
"ANN","Gunnedah","S2",50000,"Biomass","FirstOrder","sowingESW",0.0193682701459692,0.0377374314668471,-0.000290813645352397,0.00449933376920339,0.0281438650597808,0.04751213520575
"ANN","Gunnedah","S2",50000,"Biomass","FirstOrder","SowingDOY",0.0193199957973034,0.00699993872492653,-6.04064806865624e-05,0.00447287970331053,-0.00105375687227183,0.0182662389250315
"ANN","Gunnedah","S2",50000,"Biomass","FirstOrder","AvgMinT0_30",0.0190080266750388,0.00749675718311588,-0.000264414531986683,0.00467415286797434,-0.0010476059666911,0.0179604207083477
"ANN","Gunnedah","S2",50000,"Biomass","FirstOrder","AvgMinT30_60",0.0205868356869268,0.00379001036868036,-0.00016289866535797,0.00477666501761932,-0.00561304615785468,0.0149737895290722
"ANN","Gunnedah","S2",50000,"Biomass","FirstOrder","AvgMinT60_90",0.0179653146574231,0.14392963095198,0.000153485421906407,0.00458405971608133,0.134934399564613,0.152899714222036
"ANN","Gunnedah","S2",50000,"Biomass","FirstOrder","AvgMaxT0_30",0.0201323236367241,0.0107142207151935,-0.0003396296135328,0.00464447957463126,0.00170388245696022,0.0218362060936843
"ANN","Gunnedah","S2",50000,"Biomass","FirstOrder","AvgMaxT30_60",0.0193378047376323,0.0576170261240986,-2.05348080722437e-05,0.00496192701775122,0.0495387858691934,0.0688765906068257
"ANN","Gunnedah","S2",50000,"Biomass","FirstOrder","AvgMaxT60_90",0.0173339924757434,0.226666165690851,-5.34449500791678e-05,0.00420461123993689,0.219170589491219,0.236504581966963
"ANN","Gunnedah","S2",50000,"Biomass","FirstOrder","Rain0_30",0.0179245964593882,0.0119310735129285,-8.9321186035345e-05,0.00438928758417286,0.0037533666905123,0.0216779631499005
"ANN","Gunnedah","S2",50000,"Biomass","FirstOrder","Rain30_60",0.0195069271138476,0.0056023429468901,-0.000241493141435114,0.00463869364409973,-0.0032521552587443,0.0162547718551033
"ANN","Gunnedah","S2",50000,"Biomass","FirstOrder","Rain60_90",0.0202818076030157,0.114151596866787,-0.000268037248189426,0.00456269357656558,0.104380121884037,0.124661929487053
"ANN","Gunnedah","S2",50000,"Biomass","FirstOrder","Radn0_30",0.0200313102606609,0.00267655199148351,-0.000113319253080441,0.00466537444598795,-0.0059652075984084,0.0140661026622525
"ANN","Gunnedah","S2",50000,"Biomass","FirstOrder","Radn30_60",0.0201426972941203,0.00377115216774813,-0.000127021685500393,0.00462931855517139,-0.0051912229217521,0.0149514743723682
"ANN","Gunnedah","S2",50000,"Biomass","FirstOrder","Radn60_90",0.0189565865908877,0.043124382549489,-0.00028424479343564,0.00456222299405307,0.0353757455005571,0.0543323320914448
"ANN","Gunnedah","S2",50000,"Biomass","TotalEffects","Lat",3.57898759997476e-13,9.07052211118753e-14,-9.90862947247706e-14,8.66873955368401e-14,3.8870708875219e-14,3.96769468872695e-13
"ANN","Gunnedah","S2",50000,"Biomass","TotalEffects","ShootLag",0.000106418378431673,0.00113729623818515,1.68885236086821e-06,2.70791018027987e-05,0.00107512961287608,0.00118154799130775
"ANN","Gunnedah","S2",50000,"Biomass","TotalEffects","VegTarget",0.00058901354738666,0.0120283216268089,1.69616747433404e-05,0.000151218114112985,0.011697733083689,0.0122867466310756
"ANN","Gunnedah","S2",50000,"Biomass","TotalEffects","LateVegTarget",0.00108405312565936,0.0130614993331865,1.00667310430139e-05,0.000281220075760519,0.0125249266421913,0.0136089797678507
"ANN","Gunnedah","S2",50000,"Biomass","TotalEffects","FloweringTarget",0.000111128746888968,0.00238477759166544,-1.88103167018255e-07,2.77125280385424e-05,0.00233207940551242,0.00244320815240139
"ANN","Gunnedah","S2",50000,"Biomass","TotalEffects","Population",0.00880545456363947,0.0847849074683856,0.000359734876394055,0.00233547079537212,0.0803953689389833,0.0892008235026228
"ANN","Gunnedah","S2",50000,"Biomass","TotalEffects","FracPAWCmm",0.0108081545737248,0.099108261198536,3.02240813575272e-05,0.00258742411042619,0.0939635112428929,0.104771665816618
"ANN","Gunnedah","S2",50000,"Biomass","TotalEffects","PAWCmm",0.00744028037253094,0.128530368173998,-4.95576657812413e-05,0.00184683475389149,0.124713115159305,0.132153395531836
"ANN","Gunnedah","S2",50000,"Biomass","TotalEffects","sowingESW",0.00739034599497534,0.159864168463539,-5.03370758544175e-05,0.00181943357158269,0.15603774339544,0.163428089390416
"ANN","Gunnedah","S2",50000,"Biomass","TotalEffects","SowingDOY",0.00115603720199622,0.0243496117592922,3.71880483884396e-05,0.000307805793312537,0.0236967247580478,0.024852761960044
"ANN","Gunnedah","S2",50000,"Biomass","TotalEffects","AvgMinT0_30",0.00192700181759187,0.0402613031434473,3.03593723667561e-07,0.000471969141522436,0.039092755234425,0.0410197570520169
"ANN","Gunnedah","S2",50000,"Biomass","TotalEffects","AvgMinT30_60",0.001033723611569,0.0186147538355526,-1.99756719969219e-05,0.000225233738672952,0.0181335769567994,0.0191673005683684
"ANN","Gunnedah","S2",50000,"Biomass","TotalEffects","AvgMinT60_90",0.0066072775489523,0.174628316800006,0.000150887253017568,0.00159064736265852,0.170921263778555,0.177528541327508
"ANN","Gunnedah","S2",50000,"Biomass","TotalEffects","AvgMaxT0_30",0.0011820247084893,0.0220420822030217,-2.23048620351385e-07,0.000304655997924803,0.0214295417145181,0.0226115664230074
"ANN","Gunnedah","S2",50000,"Biomass","TotalEffects","AvgMaxT30_60",0.0036878710024999,0.0835901449735559,2.79467685798396e-05,0.000900950622882264,0.0816439275128229,0.0853317985153228
"ANN","Gunnedah","S2",50000,"Biomass","TotalEffects","AvgMaxT60_90",0.00902760451033208,0.264544339721698,4.37790076348032e-05,0.00226875113074805,0.259654052088797,0.268681656599129
"ANN","Gunnedah","S2",50000,"Biomass","TotalEffects","Rain0_30",0.00276426882405554,0.0260207154985439,9.6177113490737e-05,0.00059070731573975,0.0243878910371167,0.0271521598611723
"ANN","Gunnedah","S2",50000,"Biomass","TotalEffects","Rain30_60",0.00243450248838999,0.0478430900090321,9.9042422999171e-05,0.000676176242335169,0.046637435091891,0.049071937580281
"ANN","Gunnedah","S2",50000,"Biomass","TotalEffects","Rain60_90",0.0073477391528011,0.200030613539151,2.14467206960112e-05,0.00200765353065969,0.196766725781894,0.204114464934695
"ANN","Gunnedah","S2",50000,"Biomass","TotalEffects","Radn0_30",0.000742326241532722,0.0152488584517217,-1.17465656295467e-06,0.000161363718076323,0.0148739421864705,0.0156162684280032
"ANN","Gunnedah","S2",50000,"Biomass","TotalEffects","Radn30_60",0.000548226506887788,0.00656697578226872,4.14847375451288e-06,0.00014310821935461,0.0062677117274526,0.00681593823434039
"ANN","Gunnedah","S2",50000,"Biomass","TotalEffects","Radn60_90",0.00274690585305012,0.06518303371751,3.5071549899679e-05,0.000689238932984174,0.0635961475441322,0.0663430533971823
"ANN","Gunnedah","S2",50000,"GrainWt","FirstOrder","Lat",0.0178049128556528,-0.00795986367403511,0.000138245845401409,0.00456992489581907,-0.0172064718813574,0.00059844097429539
"ANN","Gunnedah","S2",50000,"GrainWt","FirstOrder","ShootLag",0.0177960882649684,-0.0041398481334159,9.38848119864345e-05,0.00455382433056456,-0.0135152701704768,0.00428081809449164
"ANN","Gunnedah","S2",50000,"GrainWt","FirstOrder","VegTarget",0.0168461004751704,0.000279762610543169,0.000197559055071817,0.00451341491619918,-0.00834892949895745,0.00849717097621292
"ANN","Gunnedah","S2",50000,"GrainWt","FirstOrder","LateVegTarget",0.0173080988846342,-0.0049909600499495,0.000170881801753642,0.00447762290476899,-0.0140051125264574,0.00330298635817676
"ANN","Gunnedah","S2",50000,"GrainWt","FirstOrder","FloweringTarget",0.0180578692053985,-0.00796222049692897,0.000136706102305975,0.0045473328972208,-0.0173963767949083,0.0006614924104902
"ANN","Gunnedah","S2",50000,"GrainWt","FirstOrder","Population",0.0169741852039928,0.00528349840717809,0.00012597987157786,0.00439397403844098,-0.00288170669124282,0.01409247851275
"ANN","Gunnedah","S2",50000,"GrainWt","FirstOrder","FracPAWCmm",0.0175200311606532,0.034248328685088,-7.0987373725892e-05,0.00448273366573334,0.0254927919914676,0.0430128231521208
"ANN","Gunnedah","S2",50000,"GrainWt","FirstOrder","PAWCmm",0.0172949766788025,-0.0015389523637958,0.000315761917614872,0.00444494951360258,-0.0103690473404778,0.00692592933832475
"ANN","Gunnedah","S2",50000,"GrainWt","FirstOrder","sowingESW",0.0170199190554573,0.0787918968111187,1.20405905373322e-05,0.00407782947687612,0.069364899821187,0.0863848188766443
"ANN","Gunnedah","S2",50000,"GrainWt","FirstOrder","SowingDOY",0.0177041430454729,0.00897950538232564,0.000114725628230668,0.00437871465235841,-0.000337337952116889,0.017366805093356
"ANN","Gunnedah","S2",50000,"GrainWt","FirstOrder","AvgMinT0_30",0.0180602569937641,0.0014259749865586,0.000140094281773186,0.00448781098666982,-0.0076837497516728,0.0103765072420913
"ANN","Gunnedah","S2",50000,"GrainWt","FirstOrder","AvgMinT30_60",0.018061015069616,-0.00712893693549351,0.000204714324871261,0.00453985996334665,-0.0163290517204849,0.00173196334913108
"ANN","Gunnedah","S2",50000,"GrainWt","FirstOrder","AvgMinT60_90",0.020105176717827,0.0883662622413701,3.17226411965799e-05,0.00463021795698387,0.078276007166466,0.098381183884293
"ANN","Gunnedah","S2",50000,"GrainWt","FirstOrder","AvgMaxT0_30",0.0177109460901333,-0.00473425871593822,0.000191448514537289,0.00452920890022999,-0.0139535719240053,0.00375737416612797
"ANN","Gunnedah","S2",50000,"GrainWt","FirstOrder","AvgMaxT30_60",0.0172424754282552,0.0883802674947709,0.000406932978378544,0.00432783662376554,0.0789877637972411,0.0962302392254963
"ANN","Gunnedah","S2",50000,"GrainWt","FirstOrder","AvgMaxT60_90",0.0157673276140208,0.301212760538363,0.000257459882165023,0.00398101532230972,0.29210422720227,0.307871554816291
"ANN","Gunnedah","S2",50000,"GrainWt","FirstOrder","Rain0_30",0.0187664769405914,-0.00102914373030057,0.000229293125737043,0.00467173925780421,-0.0108105339790447,0.00795594296154667
"ANN","Gunnedah","S2",50000,"GrainWt","FirstOrder","Rain30_60",0.0177120377688484,-0.00818475433714086,0.000100040373323214,0.00443301581415711,-0.0176812647611373,3.07730077110935e-05
"ANN","Gunnedah","S2",50000,"GrainWt","FirstOrder","Rain60_90",0.0167071220210863,0.0014475778873656,0.00023276937317865,0.00443565494181451,-0.00689725628752564,0.00980986573356061
"ANN","Gunnedah","S2",50000,"GrainWt","FirstOrder","Radn0_30",0.0168198244850341,6.16753920655327e-05,4.8099506011191e-06,0.00452596914629956,-0.00794388524415234,0.00887593924088177
"ANN","Gunnedah","S2",50000,"GrainWt","FirstOrder","Radn30_60",0.0183321185104041,0.0456225617230274,0.000258741251471795,0.0045011739467457,0.0368280528479884,0.0551601713583924
"ANN","Gunnedah","S2",50000,"GrainWt","FirstOrder","Radn60_90",0.0177263147873426,0.0436746805627973,-7.87573500732747e-05,0.00459120948362012,0.0348687122183033,0.0525950270056459
"ANN","Gunnedah","S2",50000,"GrainWt","TotalEffects","Lat",2.68211895782482e-13,-2.97539770599542e-14,4.63773464076667e-14,6.17215518709719e-14,-2.08002627295043e-13,6.02092684874396e-14
"ANN","Gunnedah","S2",50000,"GrainWt","TotalEffects","ShootLag",0.000273424746078414,0.00616765615458392,8.58217528965782e-06,6.59849209643828e-05,0.00601970104352134,0.00629312578959976
"ANN","Gunnedah","S2",50000,"GrainWt","TotalEffects","VegTarget",0.000649795425968686,0.0120031685101419,2.86828991259442e-05,0.000167730043439411,0.0116459016196406,0.0122956970456093
"ANN","Gunnedah","S2",50000,"GrainWt","TotalEffects","LateVegTarget",0.000645987598284783,0.0103624328139004,2.18611492219956e-05,0.000159510206322494,0.0100112715627996,0.0106572591610844
"ANN","Gunnedah","S2",50000,"GrainWt","TotalEffects","FloweringTarget",3.1737268527521e-05,0.000642430307509101,1.92268161649416e-06,7.96427778682066e-06,0.000626506266705769,0.00065824353523329
"ANN","Gunnedah","S2",50000,"GrainWt","TotalEffects","Population",0.00377205412797333,0.0330901797378633,6.28281941535622e-05,0.000856016485557372,0.0310114243850897,0.034783478513063
"ANN","Gunnedah","S2",50000,"GrainWt","TotalEffects","FracPAWCmm",0.00394532203395519,0.0867239193565813,0.000165179097744356,0.000954227744564872,0.0847240625653926,0.0886693845993478
"ANN","Gunnedah","S2",50000,"GrainWt","TotalEffects","PAWCmm",0.00375901734003095,0.0391223699692964,8.28579067097338e-05,0.000945760470026588,0.0367945368707133,0.0405535542107443
"ANN","Gunnedah","S2",50000,"GrainWt","TotalEffects","sowingESW",0.00675865893345598,0.145593130820771,0.000164018514041769,0.00136240907397149,0.14218100666328,0.148939665596736
"ANN","Gunnedah","S2",50000,"GrainWt","TotalEffects","SowingDOY",0.00151903241527881,0.0351136094775776,3.92013178626693e-05,0.000373101702877474,0.0343450300456119,0.0358640624608907
"ANN","Gunnedah","S2",50000,"GrainWt","TotalEffects","AvgMinT0_30",0.00130135302374398,0.027280301880679,7.62732577340719e-05,0.000330798861917207,0.0266107012891945,0.0279120543129385
"ANN","Gunnedah","S2",50000,"GrainWt","TotalEffects","AvgMinT30_60",0.000848578016068854,0.0155090051232203,1.47232966913394e-05,0.000209137991252769,0.0150843984255316,0.0159329764416004
"ANN","Gunnedah","S2",50000,"GrainWt","TotalEffects","AvgMinT60_90",0.00641698527562332,0.150070040534445,1.60837702318228e-05,0.00160551813008432,0.146538999794341,0.152955985069965
"ANN","Gunnedah","S2",50000,"GrainWt","TotalEffects","AvgMaxT0_30",0.000593860664084284,0.0101480774093107,1.14378936668588e-05,0.000147477951329629,0.00978960611691434,0.0103834667809986
"ANN","Gunnedah","S2",50000,"GrainWt","TotalEffects","AvgMaxT30_60",0.00580271514853214,0.129745871053617,0.000124284691659399,0.00137655736098085,0.126928817781002,0.132731532929535
"ANN","Gunnedah","S2",50000,"GrainWt","TotalEffects","AvgMaxT60_90",0.0101277240241722,0.360380228600325,0.00036235214288638,0.00259113106816506,0.354555192046779,0.364682916070951
"ANN","Gunnedah","S2",50000,"GrainWt","TotalEffects","Rain0_30",0.0013416147027541,0.0220884516791502,2.11296230065786e-05,0.000346836875718317,0.0213204028191736,0.0226620175219277
"ANN","Gunnedah","S2",50000,"GrainWt","TotalEffects","Rain30_60",0.00250858307531222,0.0270795122485586,5.22514173429862e-05,0.000523594300072266,0.0258430385117973,0.0283516215871095
"ANN","Gunnedah","S2",50000,"GrainWt","TotalEffects","Rain60_90",0.00251258423927582,0.0444590429419431,9.94000413161999e-05,0.000588331853223442,0.0432501774819621,0.0457627617212379
"ANN","Gunnedah","S2",50000,"GrainWt","TotalEffects","Radn0_30",0.00134097356378391,0.026403079591873,3.05646912307223e-05,0.000346484551044594,0.0257163273767716,0.0270573009405555
"ANN","Gunnedah","S2",50000,"GrainWt","TotalEffects","Radn30_60",0.0039828068168444,0.0820401738889944,-1.31654919586915e-05,0.000900932863486098,0.0801801698791595,0.0841629766960039
"ANN","Gunnedah","S2",50000,"GrainWt","TotalEffects","Radn60_90",0.00400873374580747,0.0815987859820783,-4.74203727416495e-05,0.000979883949273533,0.079477831548529,0.0834865652943364
