"model","location","sowing","sampleSize","target","index","original","bias","std..error","min..c.i.","max..c.i."
"ANN","Emerald","S1",1e+05,"GrainWt","FirstOrder",0.0138425492428056,-0.000342195632321492,0.0032306811514017,0.00783238931063932,0.0193938538345752
"ANN","Emerald","S1",1e+05,"GrainWt","FirstOrder",0.0089516466163332,-0.000369468176309543,0.00314205199930442,0.00338420027771735,0.0146972589843478
"ANN","Emerald","S1",1e+05,"GrainWt","FirstOrder",0.0939548892744644,-0.000344813942294936,0.00333251189427982,0.0871377239127952,0.100105949085367
"ANN","Emerald","S1",1e+05,"GrainWt","FirstOrder",0.00890768005114347,-0.000297800045582568,0.00324847113433,0.00297340827536486,0.0151396079885951
"ANN","Emerald","S1",1e+05,"GrainWt","FirstOrder",0.077458625613827,-0.000296221152579934,0.00315584894894909,0.0714845728374702,0.0838474895517038
"ANN","Emerald","S1",1e+05,"GrainWt","FirstOrder",0.752363151060122,-0.000209433636154555,0.00138076614934243,0.749985127677528,0.755658948521397
"ANN","Emerald","S1",1e+05,"GrainWt","TotalEffects",0.0215411494459871,1.64479453041572e-06,0.000142830099825642,0.0212483331450824,0.0218231721505744
"ANN","Emerald","S1",1e+05,"GrainWt","TotalEffects",0.0281593399394455,8.15326552298587e-06,0.00027192405448085,0.0276218995289429,0.0287406382335279
"ANN","Emerald","S1",1e+05,"GrainWt","TotalEffects",0.142042137263745,8.45165334445452e-05,0.000992452945281914,0.139487183045433,0.14375391466297
"ANN","Emerald","S1",1e+05,"GrainWt","TotalEffects",0.00873641281770443,9.54008307981792e-06,6.67671004696497e-05,0.00858406309124909,0.00887726769302484
"ANN","Emerald","S1",1e+05,"GrainWt","TotalEffects",0.0836067568505534,4.72632924933686e-05,0.000521512996942253,0.0824066376709973,0.0844500838696296
"ANN","Emerald","S1",1e+05,"GrainWt","TotalEffects",0.776561232129278,0.000356791250574306,0.00296870084830428,0.770656874296083,0.781789209197522
"ANN","Emerald","S2",1e+05,"EmergenceDAS","FirstOrder",0.449355846178396,-0.000222114390197314,0.0024495778787817,0.444649672087156,0.454377212701406
"ANN","Emerald","S2",1e+05,"EmergenceDAS","FirstOrder",0.0865028041458088,-0.000477011993300996,0.00320490509723769,0.080304866084935,0.0926186148913654
"ANN","Emerald","S2",1e+05,"EmergenceDAS","FirstOrder",0.271459098310002,-0.000342124916515418,0.00283135946701992,0.265662093391008,0.27797433414129
"ANN","Emerald","S2",1e+05,"EmergenceDAS","FirstOrder",0.00786964896491476,-0.000447673681398448,0.00315874192948961,0.00109599498027928,0.0147773724444601
"ANN","Emerald","S2",1e+05,"EmergenceDAS","FirstOrder",-1.66838659485643e-05,-0.000426053986843207,0.00318070562841607,-0.00663678165824907,0.00678526229311474
"ANN","Emerald","S2",1e+05,"EmergenceDAS","FirstOrder",0.172316314321459,-0.000264556451517683,0.00298065631146424,0.16554506857768,0.179448725307215
"ANN","Emerald","S2",1e+05,"EmergenceDAS","TotalEffects",0.449300725514652,0.000173257144733596,0.00203578424632318,0.444569423921665,0.453608502267861
"ANN","Emerald","S2",1e+05,"EmergenceDAS","TotalEffects",0.0890899973416972,4.9977560842282e-05,0.00049409684673382,0.0880541250426817,0.0900437999746349
"ANN","Emerald","S2",1e+05,"EmergenceDAS","TotalEffects",0.274935737804209,0.000103736446281533,0.00130254920151264,0.272765361343599,0.278043529986594
"ANN","Emerald","S2",1e+05,"EmergenceDAS","TotalEffects",0.010430157433329,-1.19294489286069e-06,5.2762371615709e-05,0.0103225883813139,0.0105459214733074
"ANN","Emerald","S2",1e+05,"EmergenceDAS","TotalEffects",0.00262391715919019,-1.15388633237365e-06,1.55746308432752e-05,0.00259319218438279,0.00265242523260652
"ANN","Emerald","S2",1e+05,"EmergenceDAS","TotalEffects",0.177082265598828,5.72961762090318e-05,0.000809121333938776,0.175187701273616,0.178599490300337
"ANN","Emerald","S2",1e+05,"FloweringDAS","FirstOrder",0.363599602580725,0.000119440524892489,0.00303309752954204,0.357334645547935,0.369452202514754
"ANN","Emerald","S2",1e+05,"FloweringDAS","FirstOrder",0.172182304954485,-0.000166219372378151,0.00306567426667878,0.165914816074979,0.179138859458658
"ANN","Emerald","S2",1e+05,"FloweringDAS","FirstOrder",0.030744469109812,-0.00034842545513197,0.00335993718149658,0.0242216687483642,0.0378184710546467
"ANN","Emerald","S2",1e+05,"FloweringDAS","FirstOrder",0.206928760823753,-0.000154436366952976,0.00322919339426768,0.200558695078598,0.213943181368751
"ANN","Emerald","S2",1e+05,"FloweringDAS","FirstOrder",0.00668009282318855,-0.000295544338179986,0.00339509982150585,0.000721611045491261,0.0141878693718899
"ANN","Emerald","S2",1e+05,"FloweringDAS","FirstOrder",0.0484611035786619,-0.000188400944429457,0.00346072529577079,0.0421345429806766,0.0554597850525218
"ANN","Emerald","S2",1e+05,"FloweringDAS","TotalEffects",0.390333329731517,0.000288684921466387,0.00214583124462218,0.385384963702954,0.394307532473546
"ANN","Emerald","S2",1e+05,"FloweringDAS","TotalEffects",0.315663739416873,-0.000241145638421536,0.00241700493520255,0.311273914237307,0.321001792305727
"ANN","Emerald","S2",1e+05,"FloweringDAS","TotalEffects",0.185340796493302,-9.67968433749078e-05,0.00151301508773491,0.182164726439698,0.18840819875704
"ANN","Emerald","S2",1e+05,"FloweringDAS","TotalEffects",0.216140851416901,0.000199704065728223,0.0012780013227163,0.212970746215533,0.218700140097794
"ANN","Emerald","S2",1e+05,"FloweringDAS","TotalEffects",0.00952581827556864,-6.82975109146146e-06,6.38299434994926e-05,0.00940766747492152,0.00965199273298693
"ANN","Emerald","S2",1e+05,"FloweringDAS","TotalEffects",0.0493582752993975,-1.14158671018286e-05,0.000283967150039229,0.0487745370375034,0.0499170403137157
"ANN","Emerald","S2",1e+05,"PoddingDAS","FirstOrder",0.119846035264808,-0.00048558568845869,0.00327157059425402,0.11372778409696,0.12633589036509
"ANN","Emerald","S2",1e+05,"PoddingDAS","FirstOrder",0.19400317420787,-0.000478652401113722,0.00285955700813536,0.188026543689719,0.200582357055288
"ANN","Emerald","S2",1e+05,"PoddingDAS","FirstOrder",0.0728200360141161,-0.000344705047419638,0.00334655334663134,0.0655092790675375,0.0795132565058513
"ANN","Emerald","S2",1e+05,"PoddingDAS","FirstOrder",0.055171415994571,-0.000605687939330836,0.00331727978291761,0.0494722057631653,0.0631731581902358
"ANN","Emerald","S2",1e+05,"PoddingDAS","FirstOrder",0.00609193200239229,-0.000400663319830577,0.00337600592524892,-0.000123626854978026,0.0130353222860758
"ANN","Emerald","S2",1e+05,"PoddingDAS","FirstOrder",0.517356378166947,1.13768055302055e-05,0.00194102797387612,0.513193878662007,0.521292189449844
"ANN","Emerald","S2",1e+05,"PoddingDAS","TotalEffects",0.127137373139026,5.02715066265647e-05,0.000708290837033754,0.125482010205492,0.128596885361281
"ANN","Emerald","S2",1e+05,"PoddingDAS","TotalEffects",0.200849477605165,3.29371560056912e-05,0.00101234693743612,0.198856428113757,0.202720532764731
"ANN","Emerald","S2",1e+05,"PoddingDAS","TotalEffects",0.0926926514689494,-2.84883779147482e-05,0.000587698144791438,0.0917092883952785,0.0939117273413588
"ANN","Emerald","S2",1e+05,"PoddingDAS","TotalEffects",0.062084131853839,-1.00427058498109e-05,0.000338710977840195,0.0615442505648966,0.0628730512719051
"ANN","Emerald","S2",1e+05,"PoddingDAS","TotalEffects",0.0183878605504119,1.90261617267554e-05,0.000144137776901356,0.0181174794553599,0.0186565175582063
"ANN","Emerald","S2",1e+05,"PoddingDAS","TotalEffects",0.524135125232435,0.00033945956712389,0.0024101084514919,0.518873548678498,0.528967282719996
"ANN","Emerald","S2",1e+05,"MaturityDAS","FirstOrder",0.0390323272133433,0.000179981582436282,0.00313299950799847,0.0332413753094391,0.0454345467543702
"ANN","Emerald","S2",1e+05,"MaturityDAS","FirstOrder",0.0272567076340562,0.000207572378870785,0.0030633917930876,0.0213073388970786,0.0331188104875437
"ANN","Emerald","S2",1e+05,"MaturityDAS","FirstOrder",0.0135524958716647,0.00027141502313657,0.00317553490405771,0.00761393277433774,0.019732340233378
"ANN","Emerald","S2",1e+05,"MaturityDAS","FirstOrder",0.0103081927507592,0.000255350033274102,0.00311432958140758,0.00459258498472831,0.0165886845289511
"ANN","Emerald","S2",1e+05,"MaturityDAS","FirstOrder",0.00529612795998747,0.000236415107125605,0.00319936626254582,-0.000419522819921728,0.0113534624208898
"ANN","Emerald","S2",1e+05,"MaturityDAS","FirstOrder",0.91390378938814,2.48010967086598e-05,0.000443550546513368,0.912989199487895,0.914669880928431
"ANN","Emerald","S2",1e+05,"MaturityDAS","TotalEffects",0.036778076786167,-5.77433232600705e-06,0.000157850267384396,0.0364974137889964,0.0370779335944622
"ANN","Emerald","S2",1e+05,"MaturityDAS","TotalEffects",0.0276674337082261,-1.35585201864533e-05,0.000158834917944913,0.02736204062634,0.0279988689487265
"ANN","Emerald","S2",1e+05,"MaturityDAS","TotalEffects",0.014111898553969,-3.0583097088005e-06,9.88644667169027e-05,0.0139340071666814,0.0142992938016891
"ANN","Emerald","S2",1e+05,"MaturityDAS","TotalEffects",0.00681652663406296,-1.97033194617498e-06,4.17510554388141e-05,0.00673947921189227,0.00689624762121028
"ANN","Emerald","S2",1e+05,"MaturityDAS","TotalEffects",0.00536619011973571,-2.21601012615012e-06,3.53687165223663e-05,0.0053017675850552,0.0054412329958745
"ANN","Emerald","S2",1e+05,"MaturityDAS","TotalEffects",0.916021101929179,0.000111711394694014,0.00331177975515443,0.909223160940782,0.921834082773528
"ANN","Emerald","S2",1e+05,"Biomass","FirstOrder",0.0239171703148265,-0.000473291421605064,0.00306180483507151,0.0184868176176356,0.0312837720482016
"ANN","Emerald","S2",1e+05,"Biomass","FirstOrder",0.0757608306096821,-0.000535336658081337,0.00314781571885946,0.0692832475684652,0.0821459240860704
"ANN","Emerald","S2",1e+05,"Biomass","FirstOrder",0.359749145513372,-0.000247515667089304,0.0026259159101116,0.355468749787674,0.366041257566481
"ANN","Emerald","S2",1e+05,"Biomass","FirstOrder",-0.00149150291562661,-0.000511157244525162,0.00314366704492023,-0.00737230646046336,0.00622708601514487
"ANN","Emerald","S2",1e+05,"Biomass","FirstOrder",0.00281475944047821,-0.000450863920809048,0.00320446198320814,-0.00301341524633366,0.0100765888767089
"ANN","Emerald","S2",1e+05,"Biomass","FirstOrder",0.46072639714154,-0.000569565307765751,0.00228082260762953,0.456968809887798,0.465589773384988
"ANN","Emerald","S2",1e+05,"Biomass","TotalEffects",0.0337172059189228,-5.05166842032501e-06,0.000206669942924539,0.0333350693045512,0.0341805398555649
"ANN","Emerald","S2",1e+05,"Biomass","TotalEffects",0.0994335590245364,-7.82095495395901e-05,0.000573514179784354,0.0983033869214662,0.10060086616052
"ANN","Emerald","S2",1e+05,"Biomass","TotalEffects",0.40256811531095,-0.00011495806538947,0.00187906650609764,0.398918074208426,0.406970141662997
"ANN","Emerald","S2",1e+05,"Biomass","TotalEffects",0.0111112571266648,9.24782426853753e-06,8.11627330390848e-05,0.0109158487147597,0.0113114230805248
"ANN","Emerald","S2",1e+05,"Biomass","TotalEffects",0.011344380946417,1.28432177869987e-06,7.02045799463577e-05,0.0112124890149702,0.0114848226415808
"ANN","Emerald","S2",1e+05,"Biomass","TotalEffects",0.491397583281881,-5.13244690713566e-05,0.00256461916130986,0.486375590416492,0.496436719822768
"ANN","Emerald","S2",1e+05,"GrainWt","FirstOrder",0.00082409650896995,-4.51543876666435e-05,0.00322075417311821,-0.00769963933499431,0.00609768946100136
"ANN","Emerald","S2",1e+05,"GrainWt","FirstOrder",0.0638502436486703,-7.88698189365389e-05,0.00303447607690573,0.0566715573609923,0.069462123876617
"ANN","Emerald","S2",1e+05,"GrainWt","FirstOrder",0.267744912426348,-0.000250158088891339,0.00295297964281055,0.261944460539431,0.273244456749484
"ANN","Emerald","S2",1e+05,"GrainWt","FirstOrder",0.0158791426454073,-4.73505768580247e-05,0.0031770087662255,0.00781927133088397,0.0209375752687403
"ANN","Emerald","S2",1e+05,"GrainWt","FirstOrder",0.317573823146261,0.000211081530110124,0.00256949335859366,0.312583748274401,0.322380542810282
"ANN","Emerald","S2",1e+05,"GrainWt","FirstOrder",0.224459137788849,-0.000258434657986084,0.00322366280698576,0.21789290180204,0.231228021999249
"ANN","Emerald","S2",1e+05,"GrainWt","TotalEffects",0.0148824340151947,5.90743340689488e-06,0.000100428294652766,0.0146956177211567,0.0150810565536938
"ANN","Emerald","S2",1e+05,"GrainWt","TotalEffects",0.10172658165916,8.10292488833408e-05,0.000672904390372014,0.100171556673171,0.102827696557011
"ANN","Emerald","S2",1e+05,"GrainWt","TotalEffects",0.361024277452237,-0.000335315097112265,0.00215362659872465,0.357141985331176,0.366066664874575
"ANN","Emerald","S2",1e+05,"GrainWt","TotalEffects",0.0186226219848531,7.22004874380983e-06,0.000120693332370399,0.0183901920409583,0.0188798522378334
"ANN","Emerald","S2",1e+05,"GrainWt","TotalEffects",0.326168999878402,0.000180482527735337,0.0017638041595331,0.322838660723706,0.329427833833016
"ANN","Emerald","S2",1e+05,"GrainWt","TotalEffects",0.288561417042674,0.000392742158406456,0.00180869590250459,0.284740502844847,0.291987044571029
"ANN","Emerald","S3",1e+05,"EmergenceDAS","FirstOrder",0.430271639303177,1.7307106617459e-05,0.00249298126062545,0.42385586927416,0.434942231998026
"ANN","Emerald","S3",1e+05,"EmergenceDAS","FirstOrder",0.0902990804786405,-3.27493325372324e-05,0.00321913988164155,0.0835772345945694,0.0963024495089196
"ANN","Emerald","S3",1e+05,"EmergenceDAS","FirstOrder",0.249341885930866,-0.000355100150647825,0.0028038995885982,0.243646093530895,0.255519305458869
"ANN","Emerald","S3",1e+05,"EmergenceDAS","FirstOrder",0.0145681516891819,-0.000152249678336222,0.00330119678322122,0.00728438542161423,0.0216438172029985
"ANN","Emerald","S3",1e+05,"EmergenceDAS","FirstOrder",0.0112263656833766,-0.000172467255944627,0.00324772996487802,0.00399343300608928,0.0179591218691293
"ANN","Emerald","S3",1e+05,"EmergenceDAS","FirstOrder",0.216578055437878,-0.000293576579065313,0.00299042543524899,0.210764338015932,0.223055115197339
"ANN","Emerald","S3",1e+05,"EmergenceDAS","TotalEffects",0.43155175156397,-0.000132190219906569,0.00200662942983561,0.427430199319295,0.43622127105758
"ANN","Emerald","S3",1e+05,"EmergenceDAS","TotalEffects",0.088671400720897,-3.71422923002296e-05,0.000470858111545749,0.0879042614585129,0.0896875748913203
"ANN","Emerald","S3",1e+05,"EmergenceDAS","TotalEffects",0.246127467333107,-3.62305128311646e-05,0.00112411105476601,0.243840006018189,0.248454128326128
"ANN","Emerald","S3",1e+05,"EmergenceDAS","TotalEffects",0.0121740741356827,-1.32276909700531e-05,6.96272225270565e-05,0.0120502873116353,0.0123297198334881
"ANN","Emerald","S3",1e+05,"EmergenceDAS","TotalEffects",0.00866313557740184,-2.54067283794734e-06,5.09720773377347e-05,0.00855917710608905,0.00877315027747586
"ANN","Emerald","S3",1e+05,"EmergenceDAS","TotalEffects",0.215761040648371,-9.93319539065451e-05,0.00105587621702669,0.213622680636879,0.218123890077821
"ANN","Emerald","S3",1e+05,"FloweringDAS","FirstOrder",0.0573222912901398,0.000152815183088323,0.00332268939022561,0.050247899649852,0.0638496611078171
"ANN","Emerald","S3",1e+05,"FloweringDAS","FirstOrder",0.393784548433498,0.000108044383041184,0.00271543570868395,0.388014044857988,0.398589352343292
"ANN","Emerald","S3",1e+05,"FloweringDAS","FirstOrder",0.252225629710543,0.00036960049027851,0.00321694628636827,0.24562800457289,0.257814495221085
"ANN","Emerald","S3",1e+05,"FloweringDAS","FirstOrder",0.0303361868344689,8.90926257296094e-05,0.00289951841953029,0.024428210346852,0.0368730936911419
"ANN","Emerald","S3",1e+05,"FloweringDAS","FirstOrder",0.0124126506289561,4.88402433445299e-05,0.00307808242913419,0.00701781921576898,0.0190639108247287
"ANN","Emerald","S3",1e+05,"FloweringDAS","FirstOrder",0.0938464714459583,5.76636690639565e-05,0.00311039711298367,0.0876914781905381,0.100947401360944
"ANN","Emerald","S3",1e+05,"FloweringDAS","TotalEffects",0.0790067259820667,4.47981872543218e-05,0.000571275884371517,0.0777136551073922,0.0802841222255556
"ANN","Emerald","S3",1e+05,"FloweringDAS","TotalEffects",0.525754040527907,5.46248806352345e-05,0.00326270764879255,0.518067363506147,0.531726747167657
"ANN","Emerald","S3",1e+05,"FloweringDAS","TotalEffects",0.400843933537984,-0.00012588231136218,0.00240630546641811,0.396074525845802,0.406177697233896
"ANN","Emerald","S3",1e+05,"FloweringDAS","TotalEffects",0.037770895869956,-7.01781083606301e-06,0.000262466122702794,0.0372555415845808,0.038279629402739
"ANN","Emerald","S3",1e+05,"FloweringDAS","TotalEffects",0.0153136455037987,1.17845546480401e-06,8.86260871762421e-05,0.0151224849099609,0.0155054621280175
"ANN","Emerald","S3",1e+05,"FloweringDAS","TotalEffects",0.0970243401296204,0.000133821611387086,0.000640694135665201,0.095569178417063,0.0983019456641318
"ANN","Emerald","S3",1e+05,"PoddingDAS","FirstOrder",0.0299099270987909,0.000345422226370389,0.0030420082978062,0.0238875673042722,0.0362085167571968
"ANN","Emerald","S3",1e+05,"PoddingDAS","FirstOrder",0.236951992286498,3.84716211274672e-05,0.00288355900949427,0.230948765214933,0.242358784089886
"ANN","Emerald","S3",1e+05,"PoddingDAS","FirstOrder",0.32528633198218,0.000250088452315556,0.0025609578902401,0.320476045635936,0.330633132264432
"ANN","Emerald","S3",1e+05,"PoddingDAS","FirstOrder",0.113355992322245,-1.72542152086924e-05,0.00314898929807801,0.107965098524962,0.120584665170931
"ANN","Emerald","S3",1e+05,"PoddingDAS","FirstOrder",0.0166096698584032,0.000318868742575251,0.00296140241003343,0.0108064007679116,0.0231683868481737
"ANN","Emerald","S3",1e+05,"PoddingDAS","FirstOrder",0.270903378253787,0.000591977538090593,0.00256097213539179,0.264805808592967,0.275360845093189
"ANN","Emerald","S3",1e+05,"PoddingDAS","TotalEffects",0.0307135745223112,6.12099913251465e-06,0.000177904006942271,0.0303782165451941,0.0310133456035736
"ANN","Emerald","S3",1e+05,"PoddingDAS","TotalEffects",0.238105229625816,-0.000187726807084121,0.00125083355613282,0.235798100558528,0.240769280285311
"ANN","Emerald","S3",1e+05,"PoddingDAS","TotalEffects",0.334281387874736,0.000128694882271463,0.00147558480265142,0.330652627363483,0.337025186261546
"ANN","Emerald","S3",1e+05,"PoddingDAS","TotalEffects",0.117303119547062,-6.50615537595711e-05,0.000647058573829862,0.115932388944631,0.118547544964029
"ANN","Emerald","S3",1e+05,"PoddingDAS","TotalEffects",0.0223413484212732,-2.01752616450432e-05,0.000158702212632794,0.0220228924520801,0.0226281706000024
"ANN","Emerald","S3",1e+05,"PoddingDAS","TotalEffects",0.272521932186373,2.55074319512882e-05,0.00144327191693173,0.269141923412044,0.2754132181068
"ANN","Emerald","S3",1e+05,"MaturityDAS","FirstOrder",0.0247664789592252,-0.000283154765213654,0.00352262867793061,0.0174720009637443,0.0318689305952856
"ANN","Emerald","S3",1e+05,"MaturityDAS","FirstOrder",0.0803679040432798,-9.47735554888418e-05,0.00342304352562709,0.0731964208932567,0.0883430017673689
"ANN","Emerald","S3",1e+05,"MaturityDAS","FirstOrder",0.0513349165588311,-0.000177740575120766,0.0037097182480323,0.0434319118775191,0.0581629059644195
"ANN","Emerald","S3",1e+05,"MaturityDAS","FirstOrder",0.0152648362130095,-0.000233490398966113,0.0035850165983915,0.00832591762528697,0.0228253458751879
"ANN","Emerald","S3",1e+05,"MaturityDAS","FirstOrder",0.0615770424936744,-0.000391115975544844,0.00372633739646013,0.054757056593038,0.0689658071479941
"ANN","Emerald","S3",1e+05,"MaturityDAS","FirstOrder",0.767049951497892,4.10837403925779e-05,0.00104472589015966,0.76484387591075,0.769358312383967
"ANN","Emerald","S3",1e+05,"MaturityDAS","TotalEffects",0.0239974940792413,7.47089393045297e-06,0.000131699789322643,0.0237158264022585,0.0242351074340278
"ANN","Emerald","S3",1e+05,"MaturityDAS","TotalEffects",0.084249475398855,1.87919315382257e-05,0.000426457774774471,0.0833103288409224,0.085080197630816
"ANN","Emerald","S3",1e+05,"MaturityDAS","TotalEffects",0.0539029309532606,4.01325269435773e-05,0.000315896352667417,0.0531940114862471,0.0544230031470916
"ANN","Emerald","S3",1e+05,"MaturityDAS","TotalEffects",0.0135237042936303,1.26186637605021e-05,7.31130433620636e-05,0.0133733302809007,0.0136600887376542
"ANN","Emerald","S3",1e+05,"MaturityDAS","TotalEffects",0.0648936265193597,5.1541395067925e-05,0.000371268323371226,0.0640759550013774,0.0656633031981914
"ANN","Emerald","S3",1e+05,"MaturityDAS","TotalEffects",0.771157975782148,0.000341502927975523,0.00333243051602045,0.764509843165066,0.777847947531557
"ANN","Emerald","S3",1e+05,"Biomass","FirstOrder",0.0324907547615274,3.02863348744312e-05,0.00346416323773121,0.0259483034470618,0.0393964153429418
"ANN","Emerald","S3",1e+05,"Biomass","FirstOrder",0.137687398957197,0.000438012788067016,0.00333108176743158,0.131047716958237,0.143743407642914
"ANN","Emerald","S3",1e+05,"Biomass","FirstOrder",0.47724639108013,-0.000503012271431791,0.00266731586278083,0.472119621961151,0.482385519652784
"ANN","Emerald","S3",1e+05,"Biomass","FirstOrder",0.0163871339623591,0.000139054190566677,0.00356008726446553,0.00925677931815138,0.0232189518718657
"ANN","Emerald","S3",1e+05,"Biomass","FirstOrder",0.00382133902131941,0.0001454322966422,0.00346367391785962,-0.00281400309434126,0.0104572187381219
"ANN","Emerald","S3",1e+05,"Biomass","FirstOrder",0.260055889382063,0.000334452692437259,0.0032745300879622,0.253294746821171,0.265900108613898
"ANN","Emerald","S3",1e+05,"Biomass","TotalEffects",0.0415769375355594,3.85325777798456e-06,0.000262204353386906,0.0410046646444955,0.0420633774895863
"ANN","Emerald","S3",1e+05,"Biomass","TotalEffects",0.166517718650445,5.87179619333522e-05,0.00106331212601916,0.164271793403076,0.168594208014198
"ANN","Emerald","S3",1e+05,"Biomass","TotalEffects",0.526463441436231,-0.000303211467704956,0.00237593349964415,0.521467490681642,0.531417360899942
"ANN","Emerald","S3",1e+05,"Biomass","TotalEffects",0.0218179378904773,-3.96346087047049e-05,0.000145474889015379,0.0215418648610874,0.0221641767055896
"ANN","Emerald","S3",1e+05,"Biomass","TotalEffects",0.00748382342722786,2.79444904121087e-06,4.87686461844919e-05,0.00737810129262626,0.00758255070229135
"ANN","Emerald","S3",1e+05,"Biomass","TotalEffects",0.294509148554972,0.000285015655881071,0.00164480786970658,0.290324444419968,0.297248931255239
"ANN","Emerald","S3",1e+05,"GrainWt","FirstOrder",0.0132451891458462,0.000410147428958185,0.00279703101319658,0.00760295705227779,0.0188217123907951
"ANN","Emerald","S3",1e+05,"GrainWt","FirstOrder",0.0769530154380534,0.00031402261221336,0.00272967918866124,0.0718259092553383,0.0820924349015991
"ANN","Emerald","S3",1e+05,"GrainWt","FirstOrder",0.280271966606148,0.000201313546212722,0.00266551376186556,0.275353122719835,0.284965013373485
"ANN","Emerald","S3",1e+05,"GrainWt","FirstOrder",0.0200632436289275,0.000445347908209014,0.00283150296040459,0.0145978471351243,0.025899619693178
"ANN","Emerald","S3",1e+05,"GrainWt","FirstOrder",0.295824507727306,3.12942051310383e-05,0.0028488625591341,0.290239422450982,0.302287174949684
"ANN","Emerald","S3",1e+05,"GrainWt","FirstOrder",0.267258687234009,0.000358179075600207,0.00270851385793823,0.261277252131796,0.271641798281535
"ANN","Emerald","S3",1e+05,"GrainWt","TotalEffects",0.0211069782593614,-4.76329198313349e-06,0.000150520396463128,0.0208367165942401,0.0214499845373142
"ANN","Emerald","S3",1e+05,"GrainWt","TotalEffects",0.091236653900243,-4.75439356050072e-05,0.000556613711027456,0.0900529569127251,0.0924046646091474
"ANN","Emerald","S3",1e+05,"GrainWt","TotalEffects",0.30257085153635,9.05136806853557e-05,0.00152971588071486,0.299872807415204,0.306095746905149
"ANN","Emerald","S3",1e+05,"GrainWt","TotalEffects",0.0269466207984296,4.17180620425339e-06,0.00016861035935138,0.0266054121993253,0.027250241893559
"ANN","Emerald","S3",1e+05,"GrainWt","TotalEffects",0.318700279416822,3.28502049731783e-05,0.00180524662673732,0.314982317616864,0.322310855267401
"ANN","Emerald","S3",1e+05,"GrainWt","TotalEffects",0.290345518377281,4.22721936893522e-05,0.00145092451688387,0.287489539300939,0.29305502455809
"ANN","Gunnedah","S1",1e+05,"EmergenceDAS","FirstOrder",0.434122655543913,0.000404040731846744,0.00255109897566642,0.428703236672052,0.439486817344359
"ANN","Gunnedah","S1",1e+05,"EmergenceDAS","FirstOrder",0.105437976764377,0.000363304263134134,0.00301840460363307,0.098556319221879,0.110748143701641
"ANN","Gunnedah","S1",1e+05,"EmergenceDAS","FirstOrder",0.301305877077938,-8.78712711233076e-05,0.00259390281593083,0.296607407491587,0.306663611350466
"ANN","Gunnedah","S1",1e+05,"EmergenceDAS","FirstOrder",0.00955848926943843,0.000350862720348061,0.00305924475031192,0.00251097638102103,0.0147694103662251
"ANN","Gunnedah","S1",1e+05,"EmergenceDAS","FirstOrder",0.00467405073399476,0.000386963982138601,0.00310375470480754,-0.0023506408991757,0.00989773599446321
"ANN","Gunnedah","S1",1e+05,"EmergenceDAS","FirstOrder",0.165094683446628,0.000631362405525304,0.00282092557246197,0.157730880746337,0.169752543827485
"ANN","Gunnedah","S1",1e+05,"EmergenceDAS","TotalEffects",0.433282354301921,-1.12657903157398e-05,0.00190104884564229,0.429173267384658,0.437268038047842
"ANN","Gunnedah","S1",1e+05,"EmergenceDAS","TotalEffects",0.101203033554283,-5.71653617213036e-05,0.000596168878995498,0.0998382061805926,0.102394743106976
"ANN","Gunnedah","S1",1e+05,"EmergenceDAS","TotalEffects",0.300969998366374,-0.000227737193286059,0.00141435785686958,0.298421282837725,0.304413036553502
"ANN","Gunnedah","S1",1e+05,"EmergenceDAS","TotalEffects",0.00595161741945993,-3.59426170703885e-07,3.57880868568221e-05,0.00588469205493049,0.00602419914096035
"ANN","Gunnedah","S1",1e+05,"EmergenceDAS","TotalEffects",0.00108804336294654,1.63669845962841e-07,6.97653440682648e-06,0.0010738567772527,0.00110344908710826
"ANN","Gunnedah","S1",1e+05,"EmergenceDAS","TotalEffects",0.16099615030943,-7.89425249031195e-05,0.000767728383094324,0.159544542661337,0.162516905552546
"ANN","Gunnedah","S1",1e+05,"FloweringDAS","FirstOrder",0.156554050873823,0.00010818673847679,0.00304277903795729,0.15034289467541,0.16223653518829
"ANN","Gunnedah","S1",1e+05,"FloweringDAS","FirstOrder",0.308073440155896,-0.000243436388345175,0.0027006321540514,0.302799993188573,0.313895794376373
"ANN","Gunnedah","S1",1e+05,"FloweringDAS","FirstOrder",0.225028109755831,-0.000291234287372183,0.00292194256364659,0.220433918699563,0.232397346097143
"ANN","Gunnedah","S1",1e+05,"FloweringDAS","FirstOrder",0.180966862701622,9.68877977514104e-06,0.00311729397354863,0.174287515396947,0.186526061136421
"ANN","Gunnedah","S1",1e+05,"FloweringDAS","FirstOrder",-0.00131699673764552,-0.000168656257967669,0.00314397000849742,-0.00728877016112993,0.00561953622251552
"ANN","Gunnedah","S1",1e+05,"FloweringDAS","FirstOrder",0.0663017737760173,-1.8034279641449e-06,0.00331479948420965,0.0597192248847493,0.0740712840965963
"ANN","Gunnedah","S1",1e+05,"FloweringDAS","TotalEffects",0.1633522251665,2.61994863939019e-05,0.0008906072065686,0.161591633010467,0.165281039042802
"ANN","Gunnedah","S1",1e+05,"FloweringDAS","TotalEffects",0.358312181488361,0.000147892483800871,0.00204266987333268,0.353617915622004,0.362740359634664
"ANN","Gunnedah","S1",1e+05,"FloweringDAS","TotalEffects",0.26720891028748,0.000145377936471125,0.00146138014585163,0.264110730371071,0.270142809375884
"ANN","Gunnedah","S1",1e+05,"FloweringDAS","TotalEffects",0.186494936196161,1.77194028770644e-05,0.00107368220682851,0.184423550261965,0.188398185377134
"ANN","Gunnedah","S1",1e+05,"FloweringDAS","TotalEffects",0.00194519157797635,9.10262857491866e-07,1.39107975475882e-05,0.00191907451610899,0.00197511341465213
"ANN","Gunnedah","S1",1e+05,"FloweringDAS","TotalEffects",0.0732687873181697,-1.06955741097509e-05,0.000461875509294664,0.0723504004110118,0.07433987713508
"ANN","Gunnedah","S1",1e+05,"PoddingDAS","FirstOrder",0.164127140311448,0.000351873076704506,0.00270672040329565,0.159012764610503,0.17013374481908
"ANN","Gunnedah","S1",1e+05,"PoddingDAS","FirstOrder",-0.00881289834425199,3.715251880595e-05,0.00294933110340812,-0.0144529714940611,-0.00291678867421485
"ANN","Gunnedah","S1",1e+05,"PoddingDAS","FirstOrder",0.378692767141115,3.52131562890712e-05,0.0025911789449315,0.373381763185333,0.38358036914603
"ANN","Gunnedah","S1",1e+05,"PoddingDAS","FirstOrder",0.0509614104869835,1.5156122714674e-05,0.0029192451534734,0.0453133274720034,0.0567056583235916
"ANN","Gunnedah","S1",1e+05,"PoddingDAS","FirstOrder",0.0665738223859408,-0.000120961363434605,0.00282288811463135,0.0613623295963707,0.0733898206550047
"ANN","Gunnedah","S1",1e+05,"PoddingDAS","FirstOrder",0.295224023217264,0.000201482748549475,0.00266361426684059,0.289979155867975,0.300568305595723
"ANN","Gunnedah","S1",1e+05,"PoddingDAS","TotalEffects",0.175193005368932,6.95042774684351e-05,0.0010009259508132,0.173094194162497,0.17695272711358
"ANN","Gunnedah","S1",1e+05,"PoddingDAS","TotalEffects",0.00307404003223022,-1.71434118766307e-06,2.39740359067974e-05,0.00302268057274015,0.00312366305321458
"ANN","Gunnedah","S1",1e+05,"PoddingDAS","TotalEffects",0.391392844182342,-0.000312549067060963,0.00192696989260498,0.38824009933046,0.39524868692885
"ANN","Gunnedah","S1",1e+05,"PoddingDAS","TotalEffects",0.0596976134034164,1.23438452478974e-05,0.00034061017813488,0.0590597816979441,0.0603563762635619
"ANN","Gunnedah","S1",1e+05,"PoddingDAS","TotalEffects",0.0771906916244468,-3.71405446966538e-05,0.000444253592929202,0.0763855850103312,0.0781777375954503
"ANN","Gunnedah","S1",1e+05,"PoddingDAS","TotalEffects",0.308468506565254,0.000190383550397466,0.00140919427695267,0.305297642428981,0.311566669540609
"ANN","Gunnedah","S1",1e+05,"MaturityDAS","FirstOrder",0.0727557085009169,3.57554465432591e-05,0.00321048200225865,0.065224846555262,0.0788486700865113
"ANN","Gunnedah","S1",1e+05,"MaturityDAS","FirstOrder",0.0113658102569441,-9.71088928718548e-05,0.00336751458965468,0.00388002955895992,0.0179714956687512
"ANN","Gunnedah","S1",1e+05,"MaturityDAS","FirstOrder",0.0565080561316209,-0.00017802187523825,0.00336878287943919,0.0497426499466391,0.063826112243427
"ANN","Gunnedah","S1",1e+05,"MaturityDAS","FirstOrder",0.00867417915959136,-3.02787250672405e-05,0.00335664972745374,0.00092495804754086,0.0148212882767201
"ANN","Gunnedah","S1",1e+05,"MaturityDAS","FirstOrder",0.0498863934364706,7.73017608029364e-05,0.0033865075430601,0.0422969022002702,0.0564159585587636
"ANN","Gunnedah","S1",1e+05,"MaturityDAS","FirstOrder",0.831313680898687,7.48094379523501e-05,0.000849481003991198,0.829684540503928,0.832929428815333
"ANN","Gunnedah","S1",1e+05,"MaturityDAS","TotalEffects",0.068256746681842,2.09023576759337e-05,0.000333905646018594,0.0674110037759109,0.0688758595883776
"ANN","Gunnedah","S1",1e+05,"MaturityDAS","TotalEffects",0.00681626389459566,1.45380722202729e-06,5.14334176246966e-05,0.0067185990725869,0.00693076447856257
"ANN","Gunnedah","S1",1e+05,"MaturityDAS","TotalEffects",0.0504844818286935,-1.19656230391854e-05,0.000224154909199458,0.0500205547592803,0.0508983676308195
"ANN","Gunnedah","S1",1e+05,"MaturityDAS","TotalEffects",0.00174753324363153,-1.27772652856913e-06,1.0416762389409e-05,0.00172723670213369,0.00176946560963137
"ANN","Gunnedah","S1",1e+05,"MaturityDAS","TotalEffects",0.042893940570209,-2.96000276798353e-06,0.000199012509099356,0.0424833456228316,0.0432774284553932
"ANN","Gunnedah","S1",1e+05,"MaturityDAS","TotalEffects",0.827400780683982,-0.00029092347654891,0.00305250013925359,0.820939741019933,0.834157621380774
"ANN","Gunnedah","S1",1e+05,"Biomass","FirstOrder",-0.000267015558637271,-0.00040388077736386,0.00312076559112396,-0.00689236613617727,0.00670311078980835
"ANN","Gunnedah","S1",1e+05,"Biomass","FirstOrder",0.00833999312715014,-0.000399349836143382,0.00320551341923535,0.0018361935579344,0.0154952284659602
"ANN","Gunnedah","S1",1e+05,"Biomass","FirstOrder",0.0173132536530644,-0.00036084678820196,0.00328918629926772,0.0106352236866769,0.0240043594926487
"ANN","Gunnedah","S1",1e+05,"Biomass","FirstOrder",0.00192006368530161,-0.000404983086025898,0.00316934747044372,-0.00443408182118921,0.00875656289862398
"ANN","Gunnedah","S1",1e+05,"Biomass","FirstOrder",0.0198318064704584,-0.000337360719260365,0.00389368258692159,0.0124055844488466,0.028447498151194
"ANN","Gunnedah","S1",1e+05,"Biomass","FirstOrder",0.79678418445123,0.000110785826844872,0.00190258325242504,0.793198519044399,0.800900296728633
"ANN","Gunnedah","S1",1e+05,"Biomass","TotalEffects",0.00571773680971299,-1.17254084150021e-05,6.11120341843425e-05,0.00560844813782467,0.00583995748099513
"ANN","Gunnedah","S1",1e+05,"Biomass","TotalEffects",0.0302725229297248,-2.8872198448604e-05,0.000350450607031953,0.0295746026534897,0.0311250794682417
"ANN","Gunnedah","S1",1e+05,"Biomass","TotalEffects",0.0597560997364786,7.57904001917609e-06,0.000597870269503384,0.0586404831070792,0.0609513279126445
"ANN","Gunnedah","S1",1e+05,"Biomass","TotalEffects",0.0058416459510765,-4.70040971807008e-06,4.64706448885959e-05,0.0057383722042394,0.00594936197805434
"ANN","Gunnedah","S1",1e+05,"Biomass","TotalEffects",0.148543066673276,-0.000209609308777198,0.00193886025897483,0.144311820968409,0.152661827690968
"ANN","Gunnedah","S1",1e+05,"Biomass","TotalEffects",0.914045476270106,0.000164780894235217,0.00362984179028142,0.906403422385286,0.92092624788637
"ANN","Gunnedah","S1",1e+05,"GrainWt","FirstOrder",0.00442966549597173,0.000211095103174196,0.00307928871139829,-0.000644296027213876,0.0109223664219252
"ANN","Gunnedah","S1",1e+05,"GrainWt","FirstOrder",-0.00169970629669016,0.00015967645986664,0.00308600847439336,-0.00686585001037277,0.00435062154987068
"ANN","Gunnedah","S1",1e+05,"GrainWt","FirstOrder",0.0307860110564684,4.60456947355414e-05,0.00319115751709135,0.0252991630454538,0.0373095159658121
"ANN","Gunnedah","S1",1e+05,"GrainWt","FirstOrder",0.000550823720288403,0.000184930839987361,0.00308607238793055,-0.00463644935268366,0.00653762305427589
"ANN","Gunnedah","S1",1e+05,"GrainWt","FirstOrder",0.0816662850427391,0.000216645254877745,0.00316981243652989,0.0758815596911005,0.0878379194029079
"ANN","Gunnedah","S1",1e+05,"GrainWt","FirstOrder",0.796219046042332,0.000150961345127598,0.00179543428071572,0.792466278619958,0.799588076804971
"ANN","Gunnedah","S1",1e+05,"GrainWt","TotalEffects",0.0105181934789772,1.40217823739117e-07,6.95803312366198e-05,0.0103848798255974,0.0106644725023991
"ANN","Gunnedah","S1",1e+05,"GrainWt","TotalEffects",0.00678354044835361,-2.50382844569144e-06,9.03421501352984e-05,0.00660619858482839,0.00698788689247753
"ANN","Gunnedah","S1",1e+05,"GrainWt","TotalEffects",0.0422571877050009,-2.35293877029336e-05,0.00028658369838789,0.0417150205231794,0.0428667031211015
"ANN","Gunnedah","S1",1e+05,"GrainWt","TotalEffects",0.00323397030162942,3.78689717264302e-07,1.95493386741008e-05,0.00319499008341294,0.00327185209702979
"ANN","Gunnedah","S1",1e+05,"GrainWt","TotalEffects",0.159009172105679,-1.36950863971474e-06,0.00162918146020069,0.155355943974284,0.162257346698372
"ANN","Gunnedah","S1",1e+05,"GrainWt","TotalEffects",0.867067789727502,-0.000256645121283539,0.00296517309671235,0.860966628538174,0.872429403123486
"ANN","Gunnedah","S2",1e+05,"EmergenceDAS","FirstOrder",0.604175347389354,-7.28801593803396e-05,0.0017487530442625,0.600726301683483,0.607425809517188
"ANN","Gunnedah","S2",1e+05,"EmergenceDAS","FirstOrder",0.0836817668278094,0.000154331610097549,0.00293259673036575,0.0767126920406413,0.0888468215877496
"ANN","Gunnedah","S2",1e+05,"EmergenceDAS","FirstOrder",0.22810466339113,0.000342696538229742,0.00303138340604906,0.22146281800575,0.233887404321641
"ANN","Gunnedah","S2",1e+05,"EmergenceDAS","FirstOrder",0.00837409063569171,0.000180560742293277,0.00320434927604752,0.00146484088214381,0.0144849838906182
"ANN","Gunnedah","S2",1e+05,"EmergenceDAS","FirstOrder",0.0017620360486912,0.00016910713635034,0.00318257734981775,-0.00535743769521124,0.00786017929276632
"ANN","Gunnedah","S2",1e+05,"EmergenceDAS","FirstOrder",0.0825234060213879,0.000292873542142705,0.00316732631755364,0.0759544722536943,0.089368908557904
"ANN","Gunnedah","S2",1e+05,"EmergenceDAS","TotalEffects",0.601338050471559,-0.000308640340607846,0.0025065073805808,0.595807404781162,0.606949544638725
"ANN","Gunnedah","S2",1e+05,"EmergenceDAS","TotalEffects",0.0836310959680212,-6.41232357385946e-05,0.000450601445643067,0.0827912418147565,0.0845550299878491
"ANN","Gunnedah","S2",1e+05,"EmergenceDAS","TotalEffects",0.22570667155545,7.3110138190835e-05,0.00112149089780658,0.223370369310629,0.227714400235307
"ANN","Gunnedah","S2",1e+05,"EmergenceDAS","TotalEffects",0.00676225936136587,-6.78193014401647e-06,3.35727814997234e-05,0.0066898614866261,0.00683598170336159
"ANN","Gunnedah","S2",1e+05,"EmergenceDAS","TotalEffects",0.000197036083445346,-5.4572096972453e-08,1.52403130664772e-06,0.000194218746669437,0.000200203563036511
"ANN","Gunnedah","S2",1e+05,"EmergenceDAS","TotalEffects",0.082083805176257,3.4256948912792e-05,0.000406196944679971,0.0813203261357092,0.0830644407730137
"ANN","Gunnedah","S2",1e+05,"FloweringDAS","FirstOrder",0.248737273940956,0.000198310153609965,0.0030839913383417,0.242279808525973,0.255356025382705
"ANN","Gunnedah","S2",1e+05,"FloweringDAS","FirstOrder",0.0826701656214549,-0.000399143165064036,0.00396613621964556,0.0741527913759124,0.0911828372645618
"ANN","Gunnedah","S2",1e+05,"FloweringDAS","FirstOrder",0.355466075371733,-8.64348422683903e-05,0.00302440061696428,0.349030931231094,0.361631537417012
"ANN","Gunnedah","S2",1e+05,"FloweringDAS","FirstOrder",0.0593117871975262,-0.000251050819148176,0.0034197778190135,0.0529497666383984,0.0674589346211918
"ANN","Gunnedah","S2",1e+05,"FloweringDAS","FirstOrder",0.0323577610955424,-0.000139354315104839,0.00339017491385045,0.0256140502085773,0.0406982301571062
"ANN","Gunnedah","S2",1e+05,"FloweringDAS","FirstOrder",0.00124063770697668,-0.000262472269659697,0.00340465028750774,-0.0054736197951866,0.00948930486146851
"ANN","Gunnedah","S2",1e+05,"FloweringDAS","TotalEffects",0.273003378578035,-3.73285915667432e-05,0.00182672188595536,0.269219099546415,0.276978268623415
"ANN","Gunnedah","S2",1e+05,"FloweringDAS","TotalEffects",0.280668851786623,-8.60054796103515e-05,0.00235629102336326,0.275609147469256,0.285971545190376
"ANN","Gunnedah","S2",1e+05,"FloweringDAS","TotalEffects",0.570605885235337,1.48106965996986e-05,0.00323445446432939,0.564225536887119,0.576945289129395
"ANN","Gunnedah","S2",1e+05,"FloweringDAS","TotalEffects",0.0601582292068936,-1.55797725959958e-05,0.000432314806968523,0.0593740451831037,0.0609498764566221
"ANN","Gunnedah","S2",1e+05,"FloweringDAS","TotalEffects",0.0311430735582658,1.30731309730542e-05,0.000237134827166299,0.0306740274822172,0.0316423165724118
"ANN","Gunnedah","S2",1e+05,"FloweringDAS","TotalEffects",0.000903388908657932,6.5708463166446e-07,8.14261174732009e-06,0.000886343163802625,0.000919619467458399
"ANN","Gunnedah","S2",1e+05,"PoddingDAS","FirstOrder",0.202771128319775,0.000123187534512348,0.00309968290775016,0.19678172676126,0.209909532735427
"ANN","Gunnedah","S2",1e+05,"PoddingDAS","FirstOrder",0.000611886111216822,0.00025423287362048,0.00322336400004842,-0.00507754073665393,0.00588724321649932
"ANN","Gunnedah","S2",1e+05,"PoddingDAS","FirstOrder",0.220972286978582,-0.000105497922070041,0.00296069322422107,0.214287809082708,0.226363564521746
"ANN","Gunnedah","S2",1e+05,"PoddingDAS","FirstOrder",0.0146168263566197,0.000262561328167113,0.00315272967323545,0.0084930105690721,0.0199121143290365
"ANN","Gunnedah","S2",1e+05,"PoddingDAS","FirstOrder",0.168863618706207,0.000260187773684417,0.00315785865478688,0.162742116685653,0.174291146678614
"ANN","Gunnedah","S2",1e+05,"PoddingDAS","FirstOrder",0.356231636944167,0.000424730701476195,0.00256183847338056,0.350924204013733,0.361409244176763
"ANN","Gunnedah","S2",1e+05,"PoddingDAS","TotalEffects",0.214858803675221,8.37730029448758e-06,0.00111727154520121,0.212552150822073,0.21760321962936
"ANN","Gunnedah","S2",1e+05,"PoddingDAS","TotalEffects",0.00754488625494887,1.58022711235772e-08,5.00831301116094e-05,0.00744049610191863,0.00765920330243647
"ANN","Gunnedah","S2",1e+05,"PoddingDAS","TotalEffects",0.251458677633842,-0.000199112882145414,0.0012785516215689,0.24922325074193,0.254576254481051
"ANN","Gunnedah","S2",1e+05,"PoddingDAS","TotalEffects",0.0223133816196432,-1.21850686389639e-05,0.000148492194942631,0.0220375684156355,0.0226111845579106
"ANN","Gunnedah","S2",1e+05,"PoddingDAS","TotalEffects",0.180382831822211,0.000146330638616049,0.00106681306766044,0.178366653182198,0.182533351133906
"ANN","Gunnedah","S2",1e+05,"PoddingDAS","TotalEffects",0.36314049004873,-3.88181149171829e-05,0.00187996347187714,0.359341627870268,0.367183279247493
"ANN","Gunnedah","S2",1e+05,"MaturityDAS","FirstOrder",0.0288756176855593,-0.000127429308804088,0.00333636414209007,0.0229319422959923,0.0365480905188509
"ANN","Gunnedah","S2",1e+05,"MaturityDAS","FirstOrder",0.00388493435813313,-0.000103205839139967,0.00323876512156254,-0.00205227030048995,0.0106920957801647
"ANN","Gunnedah","S2",1e+05,"MaturityDAS","FirstOrder",0.0140226692529519,-0.000126576591502668,0.00309031281104124,0.00834455667078068,0.0207050539076414
"ANN","Gunnedah","S2",1e+05,"MaturityDAS","FirstOrder",0.0085008723751153,-9.39409095696633e-05,0.00325514477614551,0.00238018587095395,0.0155085573332412
"ANN","Gunnedah","S2",1e+05,"MaturityDAS","FirstOrder",0.0960777579825993,0.000264700232423656,0.003168923916479,0.0896914519415721,0.101293743349932
"ANN","Gunnedah","S2",1e+05,"MaturityDAS","FirstOrder",0.861589822646257,6.99923316815898e-05,0.000676302205674923,0.860346645836166,0.862915008722436
"ANN","Gunnedah","S2",1e+05,"MaturityDAS","TotalEffects",0.0257943618568252,-2.21563790498563e-07,0.00012840133543857,0.0255397491906061,0.0260520548472449
"ANN","Gunnedah","S2",1e+05,"MaturityDAS","TotalEffects",0.00184034508270559,-3.09873467688789e-07,1.26872864213372e-05,0.00181422184903347,0.00186280798249529
"ANN","Gunnedah","S2",1e+05,"MaturityDAS","TotalEffects",0.0120934224328126,-1.98309900503561e-06,6.99901212225637e-05,0.0119705917807412,0.0122382580078393
"ANN","Gunnedah","S2",1e+05,"MaturityDAS","TotalEffects",0.00645788542638981,-2.63543743319727e-06,4.16206379782815e-05,0.00637710512321845,0.00653482241024696
"ANN","Gunnedah","S2",1e+05,"MaturityDAS","TotalEffects",0.0936009181874277,7.14809798929572e-06,0.000461377117957356,0.0926797022492848,0.0944631368182694
"ANN","Gunnedah","S2",1e+05,"MaturityDAS","TotalEffects",0.862554572316441,0.000277769650355864,0.003203814563934,0.85634620451948,0.86834449723852
"ANN","Gunnedah","S2",1e+05,"Biomass","FirstOrder",0.011925398999738,-5.40348980356143e-05,0.00301879355372206,0.00520913921577296,0.0180715515058683
"ANN","Gunnedah","S2",1e+05,"Biomass","FirstOrder",0.00824750172640026,-0.000211110076536781,0.0030080424097942,0.00252036144212541,0.0144874325789144
"ANN","Gunnedah","S2",1e+05,"Biomass","FirstOrder",0.0365133132215161,-0.000219557136284625,0.00313727862199789,0.0295991164322332,0.0431716259503424
"ANN","Gunnedah","S2",1e+05,"Biomass","FirstOrder",0.00188352054454968,-0.00016571369326497,0.00288280011143207,-0.00418099924480855,0.00782829976844974
"ANN","Gunnedah","S2",1e+05,"Biomass","FirstOrder",0.171080698612734,-0.000617176735492581,0.00450831991002792,0.163340574764604,0.180220555063584
"ANN","Gunnedah","S2",1e+05,"Biomass","FirstOrder",0.382754023043189,0.000413837374814097,0.00442829957683171,0.373056384982767,0.390674726354387
"ANN","Gunnedah","S2",1e+05,"Biomass","TotalEffects",0.0229080704360352,-9.35587987154277e-06,0.000333920524704205,0.0221849970054195,0.0234629255221366
"ANN","Gunnedah","S2",1e+05,"Biomass","TotalEffects",0.0526724592284388,7.20592997226627e-05,0.000730657028935211,0.0510357137654963,0.0542523743695089
"ANN","Gunnedah","S2",1e+05,"Biomass","TotalEffects",0.134543574912953,5.73088224198326e-06,0.00167806024898676,0.131150753130745,0.137530782386072
"ANN","Gunnedah","S2",1e+05,"Biomass","TotalEffects",0.00424869275674378,8.96353528564292e-06,5.82997633108051e-05,0.00412518882944075,0.00435468973294855
"ANN","Gunnedah","S2",1e+05,"Biomass","TotalEffects",0.52271975326856,-0.000675582044363909,0.00491227210549502,0.513724965934726,0.533971322311536
"ANN","Gunnedah","S2",1e+05,"Biomass","TotalEffects",0.697850299489565,0.000575941384432621,0.00561553235779141,0.686024853556314,0.710035271486634
"ANN","Gunnedah","S2",1e+05,"GrainWt","FirstOrder",0.00605075858708155,0.000308297345825933,0.00312623134736762,-0.00012379851636495,0.0113950983828475
"ANN","Gunnedah","S2",1e+05,"GrainWt","FirstOrder",0.00471459737823581,0.000305294129528836,0.00319704339094449,-0.00202319079634741,0.0103098791415864
"ANN","Gunnedah","S2",1e+05,"GrainWt","FirstOrder",0.0571226916780554,0.000223096438736567,0.00298171782594609,0.051169270313928,0.0622510015300367
"ANN","Gunnedah","S2",1e+05,"GrainWt","FirstOrder",0.00262623081716443,0.000250280436804378,0.00316392641670525,-0.00392283188119095,0.00819736987524942
"ANN","Gunnedah","S2",1e+05,"GrainWt","FirstOrder",0.368625082638772,0.00020647133052154,0.00307407369663319,0.360820818063409,0.373955054755416
"ANN","Gunnedah","S2",1e+05,"GrainWt","FirstOrder",0.46050746835579,0.0002115657397051,0.00271728015915462,0.455657117538791,0.465041485772926
"ANN","Gunnedah","S2",1e+05,"GrainWt","TotalEffects",0.0106694265089254,-4.74432753766636e-06,7.52683494392569e-05,0.0105277811893116,0.0108012359444955
"ANN","Gunnedah","S2",1e+05,"GrainWt","TotalEffects",0.0135209477076469,-9.85018073374616e-06,0.000144607628534945,0.0132635301645637,0.0138133283050473
"ANN","Gunnedah","S2",1e+05,"GrainWt","TotalEffects",0.0757299998841147,7.78828497656481e-06,0.000519843439708188,0.0747132553494719,0.0768548337656748
"ANN","Gunnedah","S2",1e+05,"GrainWt","TotalEffects",0.00205581095911311,-2.65301369323798e-06,1.89989308020516e-05,0.00201949248942028,0.00209888790917566
"ANN","Gunnedah","S2",1e+05,"GrainWt","TotalEffects",0.460602756524334,-0.00029948877818109,0.00247533429452906,0.455503066356686,0.465438489273781
"ANN","Gunnedah","S2",1e+05,"GrainWt","TotalEffects",0.553088603489408,-0.000163454200353241,0.00244430622438141,0.548826638465806,0.558601367737703
"ANN","Gunnedah","S3",1e+05,"EmergenceDAS","FirstOrder",0.6202306640601,-3.11552470079191e-05,0.00173186932067333,0.616443383671471,0.62408022277982
"ANN","Gunnedah","S3",1e+05,"EmergenceDAS","FirstOrder",0.0663517351719856,-0.000339128854393911,0.00280139969288075,0.0616131794964539,0.0728448473123406
"ANN","Gunnedah","S3",1e+05,"EmergenceDAS","FirstOrder",0.182996192412928,-4.1584600211253e-05,0.00280728157192623,0.176620574950897,0.18968841030464
"ANN","Gunnedah","S3",1e+05,"EmergenceDAS","FirstOrder",0.00866845716633349,-7.81403003705158e-05,0.0028343220762601,0.00365066668012715,0.0147115328125696
"ANN","Gunnedah","S3",1e+05,"EmergenceDAS","FirstOrder",0.0115580623814137,-6.61616816418353e-05,0.00287203576924645,0.0064871581973262,0.0177590882861385
"ANN","Gunnedah","S3",1e+05,"EmergenceDAS","FirstOrder",0.125778532506287,2.16406937366964e-05,0.00290414343933653,0.120319165448394,0.131935939408222
"ANN","Gunnedah","S3",1e+05,"EmergenceDAS","TotalEffects",0.618906599997749,0.000237812780235491,0.00245805706736503,0.613314213286183,0.623786431897093
"ANN","Gunnedah","S3",1e+05,"EmergenceDAS","TotalEffects",0.0620372724957556,3.84854561220199e-06,0.00032989915815841,0.0614003169771866,0.0626832094676106
"ANN","Gunnedah","S3",1e+05,"EmergenceDAS","TotalEffects",0.183348769979277,-1.06429906560623e-05,0.000787596192701859,0.181972870641525,0.185122761318801
"ANN","Gunnedah","S3",1e+05,"EmergenceDAS","TotalEffects",0.0050822026641526,3.50828958939429e-06,2.89044632692489e-05,0.00501771633945879,0.00513394183298711
"ANN","Gunnedah","S3",1e+05,"EmergenceDAS","TotalEffects",0.00776748908537594,-2.32463636878812e-06,4.59721297115707e-05,0.0076525302262738,0.00786215347603863
"ANN","Gunnedah","S3",1e+05,"EmergenceDAS","TotalEffects",0.123418331184605,-5.79230650540469e-05,0.000593402865841817,0.122491353070487,0.124810285740326
"ANN","Gunnedah","S3",1e+05,"FloweringDAS","FirstOrder",0.00687928574703395,0.000241583604703236,0.00306418780472405,0.000339921577962749,0.0130411764583596
"ANN","Gunnedah","S3",1e+05,"FloweringDAS","FirstOrder",0.368170476548521,0.000387692127394534,0.00285472788145974,0.362572180780373,0.373727121367681
"ANN","Gunnedah","S3",1e+05,"FloweringDAS","FirstOrder",0.47499346700016,-5.62874551348069e-05,0.00287959228572056,0.46951149725066,0.481940307255757
"ANN","Gunnedah","S3",1e+05,"FloweringDAS","FirstOrder",0.00704758248039736,0.00014897593997236,0.00294124967887123,0.000849229977572103,0.0130524369955137
"ANN","Gunnedah","S3",1e+05,"FloweringDAS","FirstOrder",0.00234788170443091,0.000187862691482386,0.00299208538588693,-0.00403311564008138,0.00815371881363702
"ANN","Gunnedah","S3",1e+05,"FloweringDAS","FirstOrder",0.00175455219881732,0.000182946381802522,0.00300040474720276,-0.0046565680079154,0.0077139406763339
"ANN","Gunnedah","S3",1e+05,"FloweringDAS","TotalEffects",0.022310778482087,-1.66401770901464e-05,0.000175052700726143,0.0219496387769072,0.0225965383894102
"ANN","Gunnedah","S3",1e+05,"FloweringDAS","TotalEffects",0.49969282270105,9.03817370286331e-05,0.00250148254156128,0.494344456011955,0.504717918598551
"ANN","Gunnedah","S3",1e+05,"FloweringDAS","TotalEffects",0.609892915582095,-0.000236318775222455,0.00322601373955917,0.603811614128009,0.616651593813982
"ANN","Gunnedah","S3",1e+05,"FloweringDAS","TotalEffects",0.00858054254064455,-1.33493266238956e-05,6.66152359153139e-05,0.00844139472973453,0.00871642410819333
"ANN","Gunnedah","S3",1e+05,"FloweringDAS","TotalEffects",0.00166365249735723,-1.39752068008085e-06,1.43676519084917e-05,0.00163536097686981,0.00169232184715454
"ANN","Gunnedah","S3",1e+05,"FloweringDAS","TotalEffects",0.00112781166540321,-3.0092444418435e-07,9.15551916774271e-06,0.0011099705142862,0.00114525034007871
"ANN","Gunnedah","S3",1e+05,"PoddingDAS","FirstOrder",0.0630376857550137,2.80223538060009e-06,0.00278434587988549,0.0563292771178957,0.067773745720616
"ANN","Gunnedah","S3",1e+05,"PoddingDAS","FirstOrder",0.246875414768604,-6.73385755463607e-05,0.00263989983991377,0.241230149388275,0.251895775138655
"ANN","Gunnedah","S3",1e+05,"PoddingDAS","FirstOrder",0.203767695404096,-0.000256009354557302,0.00284498157464889,0.197387765832588,0.21018069803461
"ANN","Gunnedah","S3",1e+05,"PoddingDAS","FirstOrder",0.186955242433294,-0.000203707027432609,0.00318461930861199,0.179019469615655,0.192483900526852
"ANN","Gunnedah","S3",1e+05,"PoddingDAS","FirstOrder",0.00566835558806372,-0.000115096275307995,0.00292504974907046,-0.00175260483006787,0.0102930522065789
"ANN","Gunnedah","S3",1e+05,"PoddingDAS","FirstOrder",0.244477724651724,-0.000160368169815406,0.00270493042596029,0.239371300992532,0.249504775128705
"ANN","Gunnedah","S3",1e+05,"PoddingDAS","TotalEffects",0.063463373590858,4.81015767495457e-05,0.000401528856853902,0.0625995315755172,0.0643029585050205
"ANN","Gunnedah","S3",1e+05,"PoddingDAS","TotalEffects",0.252682492473997,0.00010317218409428,0.00124417332651236,0.24973570568679,0.25480862823869
"ANN","Gunnedah","S3",1e+05,"PoddingDAS","TotalEffects",0.246196191914847,-0.000144554679574027,0.00152198314148115,0.243216853589649,0.249404283575313
"ANN","Gunnedah","S3",1e+05,"PoddingDAS","TotalEffects",0.213965971035355,-0.000128235372683166,0.00117624013491516,0.212153810921581,0.216714704058593
"ANN","Gunnedah","S3",1e+05,"PoddingDAS","TotalEffects",0.0275352449997841,-3.85122252071664e-05,0.000267232944025117,0.0269717578740543,0.0281845312266829
"ANN","Gunnedah","S3",1e+05,"PoddingDAS","TotalEffects",0.243540067688129,1.88525236501647e-05,0.0014018750937548,0.240738601601189,0.246328735195254
"ANN","Gunnedah","S3",1e+05,"MaturityDAS","FirstOrder",0.0083541377768992,-0.000380390662871984,0.00300044950944644,0.00225687644656614,0.013685534842999
"ANN","Gunnedah","S3",1e+05,"MaturityDAS","FirstOrder",0.0424045720491312,-0.000584000993107937,0.00309251030030974,0.036037012514002,0.049110097871451
"ANN","Gunnedah","S3",1e+05,"MaturityDAS","FirstOrder",0.00781484299773834,-0.000409038983164594,0.00284803774857284,0.0019557975529923,0.0130036917861217
"ANN","Gunnedah","S3",1e+05,"MaturityDAS","FirstOrder",0.0127542640725114,-0.000358859518333858,0.00292911763206983,0.00694732934497187,0.0180525715402029
"ANN","Gunnedah","S3",1e+05,"MaturityDAS","FirstOrder",0.0102494146406448,-0.00025380906200716,0.00294110588062141,0.0044203971223798,0.0154076554210687
"ANN","Gunnedah","S3",1e+05,"MaturityDAS","FirstOrder",0.927958670886592,7.52471316400882e-06,0.000312736479625988,0.927375253596795,0.928620419528759
"ANN","Gunnedah","S3",1e+05,"MaturityDAS","TotalEffects",0.00533325678386309,1.15664599048201e-06,2.34629429835462e-05,0.0052837121150284,0.00537483182760437
"ANN","Gunnedah","S3",1e+05,"MaturityDAS","TotalEffects",0.0403161048131825,-7.25570656865543e-06,0.000177563552960749,0.0399726659364478,0.0407829112391354
"ANN","Gunnedah","S3",1e+05,"MaturityDAS","TotalEffects",0.00895170322499195,3.55642625411365e-06,6.94766248809039e-05,0.00880897526032216,0.00911237491929539
"ANN","Gunnedah","S3",1e+05,"MaturityDAS","TotalEffects",0.0107579581374926,3.05487101040329e-06,5.47405242734315e-05,0.0106465088412975,0.0108580239463946
"ANN","Gunnedah","S3",1e+05,"MaturityDAS","TotalEffects",0.00901550149226804,-2.70605700453466e-07,5.16145905690372e-05,0.00891666883746046,0.00912329110328857
"ANN","Gunnedah","S3",1e+05,"MaturityDAS","TotalEffects",0.927419190284063,0.000358815916782773,0.00298685644704087,0.921292155022307,0.933352474067007
"ANN","Gunnedah","S3",1e+05,"Biomass","FirstOrder",0.0021603473044827,-0.000910369876764941,0.00291808779641696,-0.00287307698762245,0.00899504805376758
"ANN","Gunnedah","S3",1e+05,"Biomass","FirstOrder",-0.000800296522136061,-0.000862871841057875,0.00313883156098332,-0.00722368096134543,0.00582574283761621
"ANN","Gunnedah","S3",1e+05,"Biomass","FirstOrder",0.0446461187647908,-0.00103813921504836,0.00332081179430735,0.0379512396959279,0.0516223900600166
"ANN","Gunnedah","S3",1e+05,"Biomass","FirstOrder",0.00246108727474522,-0.000892239373393602,0.00292012046575962,-0.00319440586966509,0.00917408435794973
"ANN","Gunnedah","S3",1e+05,"Biomass","FirstOrder",0.0861367336640226,-0.000185653525038909,0.00406428322003302,0.0759405939585675,0.0936175569378344
"ANN","Gunnedah","S3",1e+05,"Biomass","FirstOrder",0.505703865424811,-0.000365591436188195,0.00294763925217351,0.499196500418619,0.511597628470853
"ANN","Gunnedah","S3",1e+05,"Biomass","TotalEffects",0.0162704167668941,-1.89206803628342e-05,0.000163236897799634,0.0159730573845659,0.0166078307553957
"ANN","Gunnedah","S3",1e+05,"Biomass","TotalEffects",0.0466721561815846,1.69958054115349e-05,0.000482766278019155,0.0454790860876391,0.04754093698132
"ANN","Gunnedah","S3",1e+05,"Biomass","TotalEffects",0.130709272594498,-0.000159028373680481,0.00149017315044564,0.127646059895478,0.13347327813017
"ANN","Gunnedah","S3",1e+05,"Biomass","TotalEffects",0.0108560550735309,-1.36479473606625e-05,0.000114472889303147,0.01062249482902,0.0110876480759193
"ANN","Gunnedah","S3",1e+05,"Biomass","TotalEffects",0.394389756182084,8.55986330787206e-05,0.00304364062803606,0.38930990580097,0.400795290348585
"ANN","Gunnedah","S3",1e+05,"Biomass","TotalEffects",0.778886163969829,0.00135330657055333,0.00429398021479484,0.76850481955107,0.785739691140801
"ANN","Gunnedah","S3",1e+05,"GrainWt","FirstOrder",0.00850203556976978,-0.000275526145636865,0.00339985699983797,0.000999699128989347,0.0159022638269385
"ANN","Gunnedah","S3",1e+05,"GrainWt","FirstOrder",0.0035003893139446,-0.000261296470532179,0.00341412875729581,-0.00408120429540778,0.0110627874904802
"ANN","Gunnedah","S3",1e+05,"GrainWt","FirstOrder",0.0207423943813267,-0.000308007657922427,0.00343649435338579,0.0140882477777068,0.0282849959629611
"ANN","Gunnedah","S3",1e+05,"GrainWt","FirstOrder",0.0068926375624366,-0.00022423734082058,0.00343571515866877,-0.000535989743325227,0.0142667943359123
"ANN","Gunnedah","S3",1e+05,"GrainWt","FirstOrder",0.121686171667345,-0.000395596191710604,0.00350639371044601,0.114660763133951,0.128824040129494
"ANN","Gunnedah","S3",1e+05,"GrainWt","FirstOrder",0.706840782334597,-0.000110092038162923,0.00234692469037201,0.70225918288136,0.711820568557836
"ANN","Gunnedah","S3",1e+05,"GrainWt","TotalEffects",0.0104994709944348,-1.14660563769915e-05,7.56991928946307e-05,0.0103671633622786,0.0106569030327664
"ANN","Gunnedah","S3",1e+05,"GrainWt","TotalEffects",0.0100667475047987,2.37708633117617e-06,0.000117363311687125,0.00979614080132564,0.0103037677614961
"ANN","Gunnedah","S3",1e+05,"GrainWt","TotalEffects",0.0420576178499492,2.04500404973051e-05,0.000323115176229838,0.0415174629263169,0.0427493133919164
"ANN","Gunnedah","S3",1e+05,"GrainWt","TotalEffects",0.00716511079501847,-1.69490043327569e-06,4.64157196113455e-05,0.0070750278781816,0.0072496268549868
"ANN","Gunnedah","S3",1e+05,"GrainWt","TotalEffects",0.246508317051771,-0.000318123855110042,0.0026836089316475,0.241053606062178,0.250816788411748
"ANN","Gunnedah","S3",1e+05,"GrainWt","TotalEffects",0.834182286885664,0.000258477844672256,0.00357868648508724,0.826918779748371,0.841228998857208
"ANN","Horsham","S1",1e+05,"EmergenceDAS","FirstOrder",0.577743983747045,5.07534843339208e-05,0.00192379742919729,0.573970206239764,0.582274880706766
"ANN","Horsham","S1",1e+05,"EmergenceDAS","FirstOrder",0.0719635278866887,0.000380626094285685,0.00335799852328079,0.0647072382144286,0.07836535028068
"ANN","Horsham","S1",1e+05,"EmergenceDAS","FirstOrder",0.17674074299832,-0.000129128585558858,0.00309341063030602,0.170165808998483,0.183152010658731
"ANN","Horsham","S1",1e+05,"EmergenceDAS","FirstOrder",0.00266032006051091,0.000157195964626691,0.00319901419679262,-0.00459075350771582,0.0086240773044179
"ANN","Horsham","S1",1e+05,"EmergenceDAS","FirstOrder",0.047027335544927,0.000287459496381849,0.00331563386185126,0.0393892943101019,0.0522073801566857
"ANN","Horsham","S1",1e+05,"EmergenceDAS","FirstOrder",0.12040991202167,9.29560532151874e-05,0.00322396491014655,0.11343510766056,0.126893662320579
"ANN","Horsham","S1",1e+05,"EmergenceDAS","TotalEffects",0.578100753472837,0.000277501825183268,0.00273849055666409,0.572631883673585,0.582874963351222
"ANN","Horsham","S1",1e+05,"EmergenceDAS","TotalEffects",0.071219918757325,1.52100956600371e-05,0.00037135305695569,0.0704603346411531,0.0719460118688098
"ANN","Horsham","S1",1e+05,"EmergenceDAS","TotalEffects",0.176242120537616,-0.000182487138718324,0.000927187150319066,0.174718691800875,0.178478428539687
"ANN","Horsham","S1",1e+05,"EmergenceDAS","TotalEffects",0.00302145625231853,2.22254656286232e-06,1.70359809894156e-05,0.00298725437937562,0.00304740785970797
"ANN","Horsham","S1",1e+05,"EmergenceDAS","TotalEffects",0.0475220749016197,4.10487329370463e-05,0.000268501371625645,0.0470383439070285,0.0481391712428117
"ANN","Horsham","S1",1e+05,"EmergenceDAS","TotalEffects",0.121682889960814,8.15422649609043e-05,0.000648212403582489,0.120192189870077,0.122850485689451
"ANN","Horsham","S1",1e+05,"FloweringDAS","FirstOrder",0.574007482669145,0.000339855237412645,0.00189513526560863,0.570610458377213,0.577425726393795
"ANN","Horsham","S1",1e+05,"FloweringDAS","FirstOrder",0.08680775061972,-0.000154076312488843,0.0030707131625345,0.0802548178249002,0.0927869727960455
"ANN","Horsham","S1",1e+05,"FloweringDAS","FirstOrder",0.0896650716915283,-0.000173311399822282,0.00348384038180669,0.0828603588084886,0.0961289089094166
"ANN","Horsham","S1",1e+05,"FloweringDAS","FirstOrder",0.0997514280035704,-0.000215725518322454,0.00334701725770868,0.0928230932130139,0.106516201647895
"ANN","Horsham","S1",1e+05,"FloweringDAS","FirstOrder",0.0332908697059786,2.50446552572808e-05,0.00328902375530979,0.0262845524194835,0.039043846560187
"ANN","Horsham","S1",1e+05,"FloweringDAS","FirstOrder",0.0108862850735607,-6.29791504613997e-05,0.00318948499193575,0.0040613144497544,0.0164243084332757
"ANN","Horsham","S1",1e+05,"FloweringDAS","TotalEffects",0.58021145304195,0.000283322884850779,0.00302866962840897,0.573986278554223,0.58673271613104
"ANN","Horsham","S1",1e+05,"FloweringDAS","TotalEffects",0.188152387141015,-0.000127262392335792,0.00149097300286056,0.185702763109039,0.190973217404423
"ANN","Horsham","S1",1e+05,"FloweringDAS","TotalEffects",0.215969489873976,-2.58743031594788e-05,0.00132837411335188,0.213673901617686,0.218932954398767
"ANN","Horsham","S1",1e+05,"FloweringDAS","TotalEffects",0.105665318544385,-5.25850960226421e-05,0.000632777575627607,0.104520147371394,0.107069047488866
"ANN","Horsham","S1",1e+05,"FloweringDAS","TotalEffects",0.03169716962827,-2.12692761549019e-05,0.000171552424758159,0.0313504255377366,0.0319921644114231
"ANN","Horsham","S1",1e+05,"FloweringDAS","TotalEffects",0.00649639431781823,-6.33255381758766e-06,4.68074984329438e-05,0.00639883842529869,0.00659099332888874
"ANN","Horsham","S1",1e+05,"PoddingDAS","FirstOrder",0.228546956129145,-0.000188606864580804,0.00280277643230316,0.22275674902469,0.235170222097619
"ANN","Horsham","S1",1e+05,"PoddingDAS","FirstOrder",0.008057224676108,-0.00028554572574485,0.00318669778753534,0.000996277094324649,0.0141249366632322
"ANN","Horsham","S1",1e+05,"PoddingDAS","FirstOrder",0.353768945280074,0.000104500018849152,0.002996663600923,0.347006024602163,0.358973023918599
"ANN","Horsham","S1",1e+05,"PoddingDAS","FirstOrder",0.0509621117284393,-0.000165122342941262,0.00310798461253089,0.044452972521294,0.0571534495989595
"ANN","Horsham","S1",1e+05,"PoddingDAS","FirstOrder",0.0666437741458788,-8.21810902997405e-05,0.00284828405327652,0.0592469123490653,0.0717122732924396
"ANN","Horsham","S1",1e+05,"PoddingDAS","FirstOrder",0.25298873127481,-0.000268410198872804,0.0029082168665829,0.247171565224057,0.258477004322706
"ANN","Horsham","S1",1e+05,"PoddingDAS","TotalEffects",0.240335313430093,0.000115129827953891,0.00124689105366799,0.237861474931375,0.242455677778648
"ANN","Horsham","S1",1e+05,"PoddingDAS","TotalEffects",0.0139929411314824,-3.60156436373694e-06,9.01516658456972e-05,0.0138247578695154,0.0141563249661534
"ANN","Horsham","S1",1e+05,"PoddingDAS","TotalEffects",0.3850011681422,0.000123663854315059,0.00163702395000248,0.380790879160379,0.388059908344343
"ANN","Horsham","S1",1e+05,"PoddingDAS","TotalEffects",0.0555103830693627,4.64540296048477e-05,0.000285262835863289,0.0548380413519725,0.0560445658296066
"ANN","Horsham","S1",1e+05,"PoddingDAS","TotalEffects",0.0739448695087611,7.25371632713384e-05,0.000359494700403361,0.0731468492390589,0.0745904214409184
"ANN","Horsham","S1",1e+05,"PoddingDAS","TotalEffects",0.270395371632662,0.00030908268142088,0.00151318938494203,0.267465008702466,0.273768987055616
"ANN","Horsham","S1",1e+05,"MaturityDAS","FirstOrder",0.067578428839125,-0.000207547842230843,0.00314434783858871,0.0620479350203685,0.0747218526562768
"ANN","Horsham","S1",1e+05,"MaturityDAS","FirstOrder",-0.000868900462393781,-8.44186159057882e-05,0.00322077302662746,-0.00689441407842398,0.00634298202725597
"ANN","Horsham","S1",1e+05,"MaturityDAS","FirstOrder",0.167617912571762,0.000240649040557428,0.00337293404538689,0.160912759153508,0.174858375915522
"ANN","Horsham","S1",1e+05,"MaturityDAS","FirstOrder",-0.000480998399459968,-6.3545981993862e-05,0.00323164139622618,-0.00637338501638981,0.0066396972339308
"ANN","Horsham","S1",1e+05,"MaturityDAS","FirstOrder",0.0350479438299584,-6.39978580758982e-05,0.00321316634876487,0.029768899645411,0.0419748378811005
"ANN","Horsham","S1",1e+05,"MaturityDAS","FirstOrder",0.714840542180499,0.000148764931095502,0.00129726577272976,0.712210025646387,0.717497732714304
"ANN","Horsham","S1",1e+05,"MaturityDAS","TotalEffects",0.0707257542707486,1.70958039257124e-05,0.000336396475472379,0.0698875958193037,0.0714175877723005
"ANN","Horsham","S1",1e+05,"MaturityDAS","TotalEffects",0.00203131084742303,-1.22185406513983e-06,1.32901080258426e-05,0.00200975566607722,0.00205888477569665
"ANN","Horsham","S1",1e+05,"MaturityDAS","TotalEffects",0.172712229819129,4.76158296287554e-05,0.000823702696232079,0.171016159323467,0.174263354405112
"ANN","Horsham","S1",1e+05,"MaturityDAS","TotalEffects",0.0022014917024985,2.35619302697224e-06,1.46900340646331e-05,0.00216896014560818,0.00222934316867883
"ANN","Horsham","S1",1e+05,"MaturityDAS","TotalEffects",0.0368318257312062,-8.30414461643753e-06,0.000177774056215833,0.0365227251309095,0.0372534437547238
"ANN","Horsham","S1",1e+05,"MaturityDAS","TotalEffects",0.719575828243878,-3.31506710626872e-05,0.00290464348467633,0.714692477264019,0.726155769647721
"ANN","Horsham","S1",1e+05,"Biomass","FirstOrder",0.000712951155518233,0.000173550209845647,0.00299053368865049,-0.00639923455964254,0.00564608065492637
"ANN","Horsham","S1",1e+05,"Biomass","FirstOrder",0.00670003229166603,8.64600163791003e-05,0.00305552142600722,-0.000308159961254797,0.0119010261510754
"ANN","Horsham","S1",1e+05,"Biomass","FirstOrder",0.00994911901604292,0.000282581478791002,0.00295804619227692,0.00286953157681692,0.0159053996533559
"ANN","Horsham","S1",1e+05,"Biomass","FirstOrder",0.00216972048745162,0.000154158085921739,0.00294501298621781,-0.00472170347916637,0.00728956515102341
"ANN","Horsham","S1",1e+05,"Biomass","FirstOrder",0.250052282752268,0.000221084529625659,0.00411525784540618,0.241683059253484,0.258176486960953
"ANN","Horsham","S1",1e+05,"Biomass","FirstOrder",0.449127882660065,-8.86899702352006e-05,0.00346447142780644,0.441745146217368,0.455945517688741
"ANN","Horsham","S1",1e+05,"Biomass","TotalEffects",0.00317077593550341,-2.09363507039026e-06,3.07617098153623e-05,0.00309636531311165,0.00322890475516224
"ANN","Horsham","S1",1e+05,"Biomass","TotalEffects",0.0184296016919246,2.81897623998981e-06,0.000206336705130965,0.0179913412448838,0.0187940604971135
"ANN","Horsham","S1",1e+05,"Biomass","TotalEffects",0.0425219851259744,-4.78777557245957e-07,0.000397742580373419,0.0417791679405322,0.0433432730932763
"ANN","Horsham","S1",1e+05,"Biomass","TotalEffects",0.00231063275576104,1.09378450761054e-07,2.15582863406967e-05,0.00226333251070493,0.00234633593678065
"ANN","Horsham","S1",1e+05,"Biomass","TotalEffects",0.515438179622986,-0.000206346762673282,0.00310576166896916,0.509619592854182,0.52167505697131
"ANN","Horsham","S1",1e+05,"Biomass","TotalEffects",0.712063141096462,2.20946374458464e-05,0.00432305499978532,0.702618759465033,0.719779153473222
"ANN","Horsham","S1",1e+05,"GrainWt","FirstOrder",0.00715540538400886,-4.19336193941376e-06,0.00328674544796151,0.00139552229258602,0.0134014356546544
"ANN","Horsham","S1",1e+05,"GrainWt","FirstOrder",0.0102512328184278,4.87325845055543e-05,0.00328947498071032,0.00424051462218318,0.0163841634617457
"ANN","Horsham","S1",1e+05,"GrainWt","FirstOrder",0.0108736151536292,9.22987958686134e-05,0.00334348867922771,0.0051446754211059,0.0170866740881107
"ANN","Horsham","S1",1e+05,"GrainWt","FirstOrder",0.00422736005360866,3.61385104825753e-05,0.00330189904849871,-0.0016493358290888,0.0101669522962338
"ANN","Horsham","S1",1e+05,"GrainWt","FirstOrder",0.574185805600375,-0.00015448270793339,0.0019676518129433,0.569961528003629,0.578232950604352
"ANN","Horsham","S1",1e+05,"GrainWt","FirstOrder",0.110785980758712,-0.000195105993150105,0.00441488087094476,0.102421645143023,0.118678434524317
"ANN","Horsham","S1",1e+05,"GrainWt","TotalEffects",0.00492557601568711,-1.19147072431738e-06,3.86580924416413e-05,0.00484815532941789,0.00500247170887493
"ANN","Horsham","S1",1e+05,"GrainWt","TotalEffects",0.0156263926557579,-1.1013898802488e-05,0.00014675584793691,0.0153367400317768,0.0159732145619115
"ANN","Horsham","S1",1e+05,"GrainWt","TotalEffects",0.0400122894058254,1.27521043304102e-06,0.000319032496123275,0.0394527234828829,0.0406246776447073
"ANN","Horsham","S1",1e+05,"GrainWt","TotalEffects",0.00134309794942367,-5.00330207403588e-07,1.10789813397289e-05,0.00132171863987996,0.00136762760253674
"ANN","Horsham","S1",1e+05,"GrainWt","TotalEffects",0.858052669309975,-8.13914151452932e-05,0.00384333401217458,0.850558481702169,0.866398299358898
"ANN","Horsham","S1",1e+05,"GrainWt","TotalEffects",0.395607666481871,-7.68033077320207e-05,0.0018135564784559,0.391908118468274,0.399930757090928
"ANN","Horsham","S2",1e+05,"EmergenceDAS","FirstOrder",0.71210091300338,-7.59922420430215e-05,0.0013346151999264,0.709454439268064,0.715785596094146
"ANN","Horsham","S2",1e+05,"EmergenceDAS","FirstOrder",0.0633736548757194,-0.000117394219316766,0.0034155327003838,0.0573022915909047,0.0716391994993921
"ANN","Horsham","S2",1e+05,"EmergenceDAS","FirstOrder",0.196934393091054,-0.000190776161680117,0.00273358753413643,0.191654287482947,0.202531171031767
"ANN","Horsham","S2",1e+05,"EmergenceDAS","FirstOrder",0.00253153183370789,-0.000250519463564863,0.00337869829823049,-0.0032972920746806,0.0109619876049569
"ANN","Horsham","S2",1e+05,"EmergenceDAS","FirstOrder",0.0136337989681192,-0.000285853614955756,0.00327643269772259,0.00757928639923807,0.0216124326698719
"ANN","Horsham","S2",1e+05,"EmergenceDAS","FirstOrder",0.00270150146384805,-0.000182609183521856,0.00336969367525821,-0.00303689526300617,0.0111207558722333
"ANN","Horsham","S2",1e+05,"EmergenceDAS","TotalEffects",0.71234930548619,-1.64412998104879e-06,0.0030193003177761,0.705567543463917,0.718004824876308
"ANN","Horsham","S2",1e+05,"EmergenceDAS","TotalEffects",0.0643526115764514,3.40820250596813e-05,0.000340439823220452,0.0635708458182924,0.0650450947470824
"ANN","Horsham","S2",1e+05,"EmergenceDAS","TotalEffects",0.197729822295584,6.98695778674763e-05,0.000958072580238968,0.195535819342121,0.19945197497778
"ANN","Horsham","S2",1e+05,"EmergenceDAS","TotalEffects",0.00469376216212036,9.34460560174377e-07,2.48093998964859e-05,0.00464058754250343,0.0047445034194668
"ANN","Horsham","S2",1e+05,"EmergenceDAS","TotalEffects",0.0147999172040534,-3.17190254522579e-06,7.65703421154321e-05,0.0146294791321065,0.015016560978911
"ANN","Horsham","S2",1e+05,"EmergenceDAS","TotalEffects",0.00544980966903419,-2.92579184057659e-06,3.09065495209908e-05,0.00538337177811777,0.00551123648069893
"ANN","Horsham","S2",1e+05,"FloweringDAS","FirstOrder",0.0757155277446076,-0.000116419668511933,0.00302485621905109,0.0696035662807402,0.0820895458932632
"ANN","Horsham","S2",1e+05,"FloweringDAS","FirstOrder",0.0307048821867828,7.57148626042564e-06,0.00349473409079507,0.0230166226987474,0.0383812637505433
"ANN","Horsham","S2",1e+05,"FloweringDAS","FirstOrder",0.754282079925107,7.46376895677248e-06,0.00127137099657627,0.751846363488481,0.756807625669439
"ANN","Horsham","S2",1e+05,"FloweringDAS","FirstOrder",0.00260475260709987,-0.000176393720571176,0.00297504546053384,-0.00410635666193787,0.00894203292274304
"ANN","Horsham","S2",1e+05,"FloweringDAS","FirstOrder",0.0177959460799505,-4.76317757145718e-05,0.00293997635700088,0.0114946696599891,0.0240734682801496
"ANN","Horsham","S2",1e+05,"FloweringDAS","FirstOrder",0.00872618124102543,-0.000243128890261891,0.00295423506536817,0.00184211215414383,0.0149205270239383
"ANN","Horsham","S2",1e+05,"FloweringDAS","TotalEffects",0.0847812239115471,0.000115857558588228,0.000529794235071414,0.0835870167493405,0.0859729402169932
"ANN","Horsham","S2",1e+05,"FloweringDAS","TotalEffects",0.13378001591658,-3.44174465324865e-05,0.000942208298833189,0.131792215064156,0.135753590340592
"ANN","Horsham","S2",1e+05,"FloweringDAS","TotalEffects",0.868671981574359,-0.000108660510798941,0.00334683698191848,0.862710579364354,0.876080152277351
"ANN","Horsham","S2",1e+05,"FloweringDAS","TotalEffects",0.00262653625661224,-3.54349764901223e-06,1.97427696487132e-05,0.0025890086619073,0.00266995465074927
"ANN","Horsham","S2",1e+05,"FloweringDAS","TotalEffects",0.0170476942973653,1.13786022491145e-05,0.00011157747837144,0.0167794671649556,0.0172458276089496
"ANN","Horsham","S2",1e+05,"FloweringDAS","TotalEffects",0.00710414928782821,2.64201868992696e-07,4.04709717680899e-05,0.00703228679682033,0.0071944564461654
"ANN","Horsham","S2",1e+05,"PoddingDAS","FirstOrder",0.196326923086374,0.000398959287266937,0.00305924926694763,0.19001920891614,0.202161361722124
"ANN","Horsham","S2",1e+05,"PoddingDAS","FirstOrder",0.00720851541793038,0.000165459089902124,0.00308822951292416,-2.89120213010519e-05,0.0124543562059639
"ANN","Horsham","S2",1e+05,"PoddingDAS","FirstOrder",0.371414125990753,-0.000235864280053955,0.00223661240583358,0.366959904421445,0.375661289339243
"ANN","Horsham","S2",1e+05,"PoddingDAS","FirstOrder",0.0175087481716729,8.92341985239756e-05,0.00318726629033755,0.0104844950175076,0.0229844671115312
"ANN","Horsham","S2",1e+05,"PoddingDAS","FirstOrder",0.103563842494098,0.000452976310910083,0.00289687102736161,0.0976816940814337,0.109088068843471
"ANN","Horsham","S2",1e+05,"PoddingDAS","FirstOrder",0.293842445035847,0.000101317976858639,0.00286979072659208,0.287639086657169,0.299325478889904
"ANN","Horsham","S2",1e+05,"PoddingDAS","TotalEffects",0.196762423655132,0.000112347201848606,0.00086914823619506,0.194830847567548,0.19815960346762
"ANN","Horsham","S2",1e+05,"PoddingDAS","TotalEffects",0.00872783124526511,2.26257821459019e-06,5.38777817555239e-05,0.00860930293042799,0.00883052801524945
"ANN","Horsham","S2",1e+05,"PoddingDAS","TotalEffects",0.383470533248423,-0.000301192435944564,0.00205111236400472,0.379622770142796,0.387888181963627
"ANN","Horsham","S2",1e+05,"PoddingDAS","TotalEffects",0.0218935774196887,1.25623096188902e-05,0.000146662925417236,0.0215595663861552,0.0221709231219485
"ANN","Horsham","S2",1e+05,"PoddingDAS","TotalEffects",0.111111197702691,0.000104573586046583,0.000649510135505985,0.109629049040951,0.112148679288881
"ANN","Horsham","S2",1e+05,"PoddingDAS","TotalEffects",0.295846065305037,2.08870310746123e-05,0.00131600643780842,0.293544780367061,0.298964264521722
"ANN","Horsham","S2",1e+05,"MaturityDAS","FirstOrder",0.0207182708796452,-0.000234743552736658,0.00316703519636187,0.0149438545824211,0.0273313109121399
"ANN","Horsham","S2",1e+05,"MaturityDAS","FirstOrder",0.00756691162891117,-7.03124614626445e-05,0.00314364794231467,0.00139863076000236,0.0146100658353527
"ANN","Horsham","S2",1e+05,"MaturityDAS","FirstOrder",0.033775987052316,-0.000239433189714179,0.00318764385938239,0.0275497962571349,0.04080545094264
"ANN","Horsham","S2",1e+05,"MaturityDAS","FirstOrder",0.006374779987858,-0.000128975665932479,0.00308635422716492,0.000518649499415467,0.0130181278667734
"ANN","Horsham","S2",1e+05,"MaturityDAS","FirstOrder",0.0378797500576493,-0.000130001914200942,0.00301203614384469,0.0323691191112924,0.0443658195322369
"ANN","Horsham","S2",1e+05,"MaturityDAS","FirstOrder",0.869203111335036,6.73821551703258e-05,0.000684453766489908,0.86769927674831,0.87044020392127
"ANN","Horsham","S2",1e+05,"MaturityDAS","TotalEffects",0.0243677061724776,-4.09027309154764e-07,0.000120706494822834,0.0241308548607922,0.0245857256993735
"ANN","Horsham","S2",1e+05,"MaturityDAS","TotalEffects",0.0124422841670038,3.624363346914e-06,6.19686757428557e-05,0.012325857114547,0.0125715420901065
"ANN","Horsham","S2",1e+05,"MaturityDAS","TotalEffects",0.0400035366119501,-3.46771346620978e-06,0.000191158057886987,0.0395781257121486,0.0403402675018081
"ANN","Horsham","S2",1e+05,"MaturityDAS","TotalEffects",0.0117311707903355,-3.34922915659099e-06,6.2100027407862e-05,0.0115903532161757,0.0118711877243733
"ANN","Horsham","S2",1e+05,"MaturityDAS","TotalEffects",0.0434565543612914,9.43202437597712e-06,0.000229614530277378,0.0429046116618392,0.04394574466616
"ANN","Horsham","S2",1e+05,"MaturityDAS","TotalEffects",0.873588561977914,-2.33819773542976e-08,0.00289648889500025,0.866769294741433,0.879043053345228
"ANN","Horsham","S2",1e+05,"Biomass","FirstOrder",0.0190805619641963,-4.43321123507305e-05,0.00317993797354757,0.0131944668504168,0.0264927394605787
"ANN","Horsham","S2",1e+05,"Biomass","FirstOrder",0.0246117184290464,-5.65170379763016e-06,0.00303904377525517,0.0189676914847399,0.0317517220113543
"ANN","Horsham","S2",1e+05,"Biomass","FirstOrder",0.0499959320517348,3.21110761258084e-05,0.00331061150910589,0.0434977272030986,0.0574036489551307
"ANN","Horsham","S2",1e+05,"Biomass","FirstOrder",0.00679339912866768,-2.09542991319225e-05,0.00316013195544495,0.000702605069634165,0.0135148137489911
"ANN","Horsham","S2",1e+05,"Biomass","FirstOrder",0.220590205797865,8.50621950152231e-05,0.00314450647450297,0.212925749438698,0.226196093155312
"ANN","Horsham","S2",1e+05,"Biomass","FirstOrder",0.546832772058732,-0.00010219058548222,0.00245550710977729,0.542164007628244,0.551989462451256
"ANN","Horsham","S2",1e+05,"Biomass","TotalEffects",0.0197757098815586,9.01574757565179e-06,0.000131327540783132,0.019486214902096,0.0200411587045103
"ANN","Horsham","S2",1e+05,"Biomass","TotalEffects",0.0339943041185402,-3.12400270696747e-05,0.000233750359457626,0.0334834893714793,0.0345288788437663
"ANN","Horsham","S2",1e+05,"Biomass","TotalEffects",0.0883708595416455,1.28238541014514e-05,0.000603023211480545,0.0868672254731415,0.0894051557189777
"ANN","Horsham","S2",1e+05,"Biomass","TotalEffects",0.000895816772496172,-3.86270968376649e-07,6.45316513848512e-06,0.000881898364215874,0.000910146830252041
"ANN","Horsham","S2",1e+05,"Biomass","TotalEffects",0.34347745844426,5.91277249031852e-05,0.00194670839475893,0.339961201698862,0.348086332855176
"ANN","Horsham","S2",1e+05,"Biomass","TotalEffects",0.674993651561145,-0.00034036601673082,0.00333221074451814,0.668362468336499,0.683083322184954
"ANN","Horsham","S2",1e+05,"GrainWt","FirstOrder",0.00437009239632528,-2.7547247015109e-05,0.00351986243799108,-0.00255733351948173,0.0107752399374729
"ANN","Horsham","S2",1e+05,"GrainWt","FirstOrder",0.0439439998109336,-5.57532079411283e-05,0.00338630994124369,0.0369714706476018,0.0513760019912204
"ANN","Horsham","S2",1e+05,"GrainWt","FirstOrder",0.160082147295253,-0.000148104576752489,0.00356371843375934,0.153266492419809,0.168124686021271
"ANN","Horsham","S2",1e+05,"GrainWt","FirstOrder",0.000967383866489342,-3.59595123351984e-05,0.00352012422250389,-0.00572318292849955,0.00802270801816844
"ANN","Horsham","S2",1e+05,"GrainWt","FirstOrder",0.461918506875713,-0.000259780422272204,0.00252690057412003,0.45720967972738,0.467060799563646
"ANN","Horsham","S2",1e+05,"GrainWt","FirstOrder",0.183383490553032,0.000162288628703988,0.00332356876469281,0.17645552960003,0.191164929398642
"ANN","Horsham","S2",1e+05,"GrainWt","TotalEffects",0.00761990505312082,1.87341995622377e-07,6.36001711117352e-05,0.00749341152227568,0.00775836300749207
"ANN","Horsham","S2",1e+05,"GrainWt","TotalEffects",0.0676937655355554,5.46122628959228e-05,0.000393724329809591,0.0668420333253438,0.0683206050519535
"ANN","Horsham","S2",1e+05,"GrainWt","TotalEffects",0.240907150843799,0.000204552247126011,0.00144027126799424,0.237769571568527,0.243450967171232
"ANN","Horsham","S2",1e+05,"GrainWt","TotalEffects",0.00268039351868987,7.48249749972073e-07,1.96572471181325e-05,0.0026320095226287,0.00271755073843599
"ANN","Horsham","S2",1e+05,"GrainWt","TotalEffects",0.579334014825014,-0.00035883008046278,0.00314396601666053,0.573456778605648,0.585444963849784
"ANN","Horsham","S2",1e+05,"GrainWt","TotalEffects",0.257348950032235,0.000170619632684166,0.00164696365386474,0.253981656049223,0.260882388934212
"ANN","Horsham","S3",1e+05,"EmergenceDAS","FirstOrder",0.753982907542894,-0.000179385038745261,0.00122322518087355,0.751611056012644,0.75636395260672
"ANN","Horsham","S3",1e+05,"EmergenceDAS","FirstOrder",0.0584056649921521,-0.0001043122703542,0.00327800998843336,0.0518377146779061,0.0651358335406887
"ANN","Horsham","S3",1e+05,"EmergenceDAS","FirstOrder",0.178922312807768,-0.000187814958180627,0.00308500204960658,0.173071503969761,0.185638670975331
"ANN","Horsham","S3",1e+05,"EmergenceDAS","FirstOrder",0.00482458839117496,-0.000263573505124708,0.00323555641260738,-0.00109543291423465,0.0122323556635408
"ANN","Horsham","S3",1e+05,"EmergenceDAS","FirstOrder",0.00414726926874154,-0.000206497003386313,0.00322079853416772,-0.00178474706348939,0.0116857984395568
"ANN","Horsham","S3",1e+05,"EmergenceDAS","FirstOrder",0.00697445131887279,-0.00025605454493693,0.00329887386910948,0.000970629696008227,0.0149154917961295
"ANN","Horsham","S3",1e+05,"EmergenceDAS","TotalEffects",0.7531685310647,1.26213369482375e-05,0.00302401815522186,0.746836841805767,0.759694141150204
"ANN","Horsham","S3",1e+05,"EmergenceDAS","TotalEffects",0.0568014960420011,1.05405474217363e-05,0.000270592756400112,0.0561811635377342,0.0573783458422826
"ANN","Horsham","S3",1e+05,"EmergenceDAS","TotalEffects",0.177084498516192,6.22683034922356e-05,0.000937725547289162,0.175127261980075,0.179013976177969
"ANN","Horsham","S3",1e+05,"EmergenceDAS","TotalEffects",0.00386460813520417,-1.39978037889694e-06,2.0468780395758e-05,0.0038243930191791,0.00390817235231278
"ANN","Horsham","S3",1e+05,"EmergenceDAS","TotalEffects",0.00299936739230178,6.486431178899e-07,1.53321959393448e-05,0.00296852278753465,0.00302783886641151
"ANN","Horsham","S3",1e+05,"EmergenceDAS","TotalEffects",0.00568751804913925,-2.63947572554536e-06,2.9820524503847e-05,0.00563588470651719,0.00575356981817197
"ANN","Horsham","S3",1e+05,"FloweringDAS","FirstOrder",-0.000258237058976182,-0.000258171015712911,0.00309180332236152,-0.00554150763571124,0.00722266850121438
"ANN","Horsham","S3",1e+05,"FloweringDAS","FirstOrder",0.326365230378755,-0.000298548260825537,0.00336711088691322,0.318799745126522,0.332842195689952
"ANN","Horsham","S3",1e+05,"FloweringDAS","FirstOrder",0.59859006952613,4.36695425998224e-06,0.00216052969607661,0.594532328677169,0.603059618421258
"ANN","Horsham","S3",1e+05,"FloweringDAS","FirstOrder",-0.000562523390848814,-0.000183850066699547,0.00309706324969581,-0.00625249137954287,0.00639679839074771
"ANN","Horsham","S3",1e+05,"FloweringDAS","FirstOrder",0.000578521397711815,-0.000202293819263711,0.00306567794570666,-0.00494085304782138,0.00734671581092604
"ANN","Horsham","S3",1e+05,"FloweringDAS","FirstOrder",0.00248461785061342,-0.000176250006987864,0.00305599746713809,-0.00307240110668832,0.00920904222442412
"ANN","Horsham","S3",1e+05,"FloweringDAS","TotalEffects",0.00924446945523594,3.88494944402427e-06,5.51906638850405e-05,0.00913196053422766,0.00935659285473781
"ANN","Horsham","S3",1e+05,"FloweringDAS","TotalEffects",0.388984450308954,-0.000195393779427899,0.00169388745087383,0.385481157363695,0.393605298813288
"ANN","Horsham","S3",1e+05,"FloweringDAS","TotalEffects",0.669902884446978,0.000137717131841852,0.00332144588443606,0.663319573146056,0.677350983446305
"ANN","Horsham","S3",1e+05,"FloweringDAS","TotalEffects",0.0013786033821751,2.46197860565684e-06,1.08193461867994e-05,0.00135309913678816,0.00139607372270451
"ANN","Horsham","S3",1e+05,"FloweringDAS","TotalEffects",0.00148536735496241,-2.28844562608554e-07,9.12294065112541e-06,0.0014679323176868,0.00150510020388116
"ANN","Horsham","S3",1e+05,"FloweringDAS","TotalEffects",0.00291496718512618,1.14555845775457e-06,1.87391029014365e-05,0.00287198897412078,0.00294890058979185
"ANN","Horsham","S3",1e+05,"PoddingDAS","FirstOrder",0.121447436470617,0.00150136957365747,0.00290068585071289,0.11371765627028,0.125901244889805
"ANN","Horsham","S3",1e+05,"PoddingDAS","FirstOrder",0.0272388201505186,0.000987332665984365,0.00305636445720144,0.0202007303685616,0.0324540226050352
"ANN","Horsham","S3",1e+05,"PoddingDAS","FirstOrder",0.281206542160689,0.000354173836422667,0.00279246254645035,0.27458528168124,0.285586407867044
"ANN","Horsham","S3",1e+05,"PoddingDAS","FirstOrder",0.00483251541440089,0.00102883407115765,0.00315753529629453,-0.00270173696493881,0.00984184703262618
"ANN","Horsham","S3",1e+05,"PoddingDAS","FirstOrder",0.0992611576557204,0.000865273925108573,0.00320766294955812,0.0919004470785414,0.104376615153179
"ANN","Horsham","S3",1e+05,"PoddingDAS","FirstOrder",0.416716165442546,0.000652618744789168,0.00219618510867101,0.411885034104121,0.419846124320017
"ANN","Horsham","S3",1e+05,"PoddingDAS","TotalEffects",0.130825001973726,8.13375365070479e-05,0.000822387660206864,0.129128963988905,0.132557224861491
"ANN","Horsham","S3",1e+05,"PoddingDAS","TotalEffects",0.0376825776292858,3.05777770241017e-05,0.000261946606739229,0.037034226554852,0.0382131136753159
"ANN","Horsham","S3",1e+05,"PoddingDAS","TotalEffects",0.303333522757233,-0.000363834282633535,0.00145908660352035,0.300589455794423,0.306756360075751
"ANN","Horsham","S3",1e+05,"PoddingDAS","TotalEffects",0.0161278677892124,-1.28515441168153e-06,0.000114117037924116,0.0158748074512153,0.0163523867835945
"ANN","Horsham","S3",1e+05,"PoddingDAS","TotalEffects",0.115173967966453,3.9814066127089e-05,0.000691375814056554,0.11360818204872,0.116586051856219
"ANN","Horsham","S3",1e+05,"PoddingDAS","TotalEffects",0.423367458269754,-0.000249107996189268,0.00218292434200556,0.419241834721634,0.427722302737447
"ANN","Horsham","S3",1e+05,"MaturityDAS","FirstOrder",0.00380607937556365,0.000192118650272387,0.00316386119777923,-0.00254998837040954,0.00966383285705432
"ANN","Horsham","S3",1e+05,"MaturityDAS","FirstOrder",0.0112316192441526,0.000216972910294886,0.00319323221461701,0.00456263318009566,0.0169120999626737
"ANN","Horsham","S3",1e+05,"MaturityDAS","FirstOrder",0.00293153291061615,0.000216965631518726,0.0031582206995611,-0.0034192952266878,0.00884525551868988
"ANN","Horsham","S3",1e+05,"MaturityDAS","FirstOrder",0.0235524470362586,0.000206707505087469,0.00314332646490938,0.0168786184491286,0.0295829749817386
"ANN","Horsham","S3",1e+05,"MaturityDAS","FirstOrder",0.0158675814320459,0.000173371167045987,0.00314831970481077,0.00965494597179573,0.0218137878532975
"ANN","Horsham","S3",1e+05,"MaturityDAS","FirstOrder",0.951464046580789,-1.09705218446221e-05,0.00025802162723422,0.950933478324924,0.951943236068444
"ANN","Horsham","S3",1e+05,"MaturityDAS","TotalEffects",0.00164155386588472,-1.28107250037431e-06,7.96763557053455e-06,0.00162514755296171,0.00165981099596488
"ANN","Horsham","S3",1e+05,"MaturityDAS","TotalEffects",0.00995592429831449,-7.3426497739313e-06,4.38968463390568e-05,0.00987380449326434,0.0100527890499683
"ANN","Horsham","S3",1e+05,"MaturityDAS","TotalEffects",0.00169127686860926,5.68635808768751e-07,1.08992638362962e-05,0.00167020238881756,0.0017148465673203
"ANN","Horsham","S3",1e+05,"MaturityDAS","TotalEffects",0.0222908049160736,-1.16359794298908e-05,0.000110367810720305,0.0220460195396398,0.0225191167893571
"ANN","Horsham","S3",1e+05,"MaturityDAS","TotalEffects",0.0137802973007172,-1.22472305454056e-05,6.15265831423702e-05,0.0136648035046914,0.013898392068491
"ANN","Horsham","S3",1e+05,"MaturityDAS","TotalEffects",0.951050597028105,-0.000273647016345802,0.00321970826088709,0.94508996254464,0.958334282012696
"ANN","Horsham","S3",1e+05,"Biomass","FirstOrder",0.00121010618033407,2.40373808860033e-05,0.00336783645011913,-0.00558832048872617,0.00688578696264446
"ANN","Horsham","S3",1e+05,"Biomass","FirstOrder",-0.000264013708627633,0.000110045245511748,0.00345963663502078,-0.00724911072392509,0.00558418746472221
"ANN","Horsham","S3",1e+05,"Biomass","FirstOrder",0.0228301256932772,0.00013913122655879,0.00362223847309661,0.0150702763050096,0.0291348406673719
"ANN","Horsham","S3",1e+05,"Biomass","FirstOrder",-0.00606458698816467,5.3883833928953e-05,0.00335316951322352,-0.0125731829777881,-8.3190202463633e-05
"ANN","Horsham","S3",1e+05,"Biomass","FirstOrder",0.228562280958503,0.000197876806960401,0.00269019321900192,0.223505281940373,0.233074830038886
"ANN","Horsham","S3",1e+05,"Biomass","FirstOrder",0.591910085837426,0.000271513821432201,0.00217690977514731,0.587744818340536,0.597430275057295
"ANN","Horsham","S3",1e+05,"Biomass","TotalEffects",0.0140324491340753,-1.45290672875879e-05,0.000101546458031764,0.0138254405976763,0.0142473796383803
"ANN","Horsham","S3",1e+05,"Biomass","TotalEffects",0.020384252021537,1.71008069408847e-05,0.000154609224091658,0.0200698179145482,0.0207163977181571
"ANN","Horsham","S3",1e+05,"Biomass","TotalEffects",0.0705486145437211,-4.00231246799471e-05,0.000477497899619096,0.0697211176716368,0.0715756003678898
"ANN","Horsham","S3",1e+05,"Biomass","TotalEffects",0.000534641679061809,5.17556254999753e-07,4.94501483007943e-06,0.000521241915756376,0.000544583831957683
"ANN","Horsham","S3",1e+05,"Biomass","TotalEffects",0.336247809895251,0.000257780433349675,0.00227624524026921,0.332273820540859,0.34053224989205
"ANN","Horsham","S3",1e+05,"Biomass","TotalEffects",0.714249732232513,0.000300836027474882,0.00310626206843271,0.706769645348659,0.720083059584878
"ANN","Horsham","S3",1e+05,"GrainWt","FirstOrder",0.00153028559086734,0.000592064436905046,0.00339425416081975,-0.00626922248463353,0.00747708379494781
"ANN","Horsham","S3",1e+05,"GrainWt","FirstOrder",0.0313149207802363,0.000323390228742546,0.00340456231576593,0.02402318197445,0.0380829792193086
"ANN","Horsham","S3",1e+05,"GrainWt","FirstOrder",0.114387220755746,0.00076122077880196,0.00336077469658521,0.106680704180768,0.120360847876057
"ANN","Horsham","S3",1e+05,"GrainWt","FirstOrder",0.00116895657421783,0.000595538095174559,0.00337096943569658,-0.00623334600736739,0.00719509245806343
"ANN","Horsham","S3",1e+05,"GrainWt","FirstOrder",0.445669936833665,0.000417894740879887,0.00236382195261908,0.44088887518746,0.449964235119359
"ANN","Horsham","S3",1e+05,"GrainWt","FirstOrder",0.254682759412745,0.000369135087150141,0.00306635787933009,0.247454116408751,0.260094060068403
"ANN","Horsham","S3",1e+05,"GrainWt","TotalEffects",0.00464386618276647,-3.26419341679582e-06,3.78913766240081e-05,0.00457654743074165,0.00471901778260408
"ANN","Horsham","S3",1e+05,"GrainWt","TotalEffects",0.0534328179484549,-2.31611956259675e-05,0.000384375489661847,0.0527367696813723,0.0540958266432291
"ANN","Horsham","S3",1e+05,"GrainWt","TotalEffects",0.182044438969041,-0.000145710476295302,0.00110434902403381,0.179764459901262,0.184053576910426
"ANN","Horsham","S3",1e+05,"GrainWt","TotalEffects",0.00271750177589036,-3.88162264314132e-06,2.1589585166269e-05,0.00268049933594407,0.00276338849462117
"ANN","Horsham","S3",1e+05,"GrainWt","TotalEffects",0.567707911966137,5.14751946589787e-06,0.00267080110104169,0.562744892759573,0.573163027332381
"ANN","Horsham","S3",1e+05,"GrainWt","TotalEffects",0.35695497148743,-5.21857754676169e-05,0.00209259240001635,0.353229437968166,0.36077264735217
