,,,,,15/04/2011,15/04/2011,15/04/2011,15/04/2011,29/04/2011,29/04/2011,29/04/2011,29/04/2011,13/05/2011,13/05/2011,13/05/2011,13/05/2011,25/05/2011,25/05/2011,25/05/2011,25/05/2011,9/06/2011,9/06/2011,9/06/2011,9/06/2011,22/06/2011,22/06/2011,22/06/2011,22/06/2011,11/07/2011,11/07/2011,11/07/2011,11/07/2011
,,,,Bare Soil,Dry,1.5 mm,3.0 mm ,6.0 mm,Dry,1.5 mm,3.0 mm ,6.0 mm,Dry,1.5 mm,3.0 mm ,6.0 mm,Dry,1.5 mm,3.0 mm ,6.0 mm,Dry,1.5 mm,3.0 mm ,6.0 mm,Dry,1.5 mm,3.0 mm ,6.0 mm,Dry,1.5 mm,3.0 mm ,6.0 mm
Date,Time,Ambient.Temp,RH,10884,45298,45271,45268,45289,45270,45311,45347,45277,45276,45280,45285,45269,45346,45308,45304,45278,45284,45301,45307,45296,45293,45272,45274,45273,45298,45271,45268,45289
15/04/2011,0:00:00,7.78,57.6,6.83,7.16,7.41,7.01,7.36,6.98,6.67,7.01,6.8,7.1,7.11,7.64,6.99,7.37,6.83,7.06,6.95,,,,,,,,,,,,
15/04/2011,0:15:00,7.78,56.9,6.92,7.32,7.4,7.15,7.5,7.25,6.78,7.02,7.22,7.23,7.02,7.57,7.27,7.38,6.92,7.46,7.02,,,,,,,,,,,,
15/04/2011,0:30:00,8.33,56.7,7.31,7.59,7.81,7.27,7.58,7.31,7.16,7.51,7.04,7.57,7.54,8.03,7.28,7.85,7.31,7.3,7.48,,,,,,,,,,,,
15/04/2011,0:45:00,8.89,55.9,7.83,8.07,8.32,7.93,8.23,7.88,7.63,7.81,7.83,8,7.98,8.32,7.93,8.25,7.83,8.25,7.74,,,,,,,,,,,,
15/04/2011,1:00:00,8.89,55.2,7.88,8.19,8.41,8.02,8.4,8.14,7.71,7.87,7.97,8.08,7.96,8.42,8.07,8.35,7.88,8.4,7.83,,,,,,,,,,,,
15/04/2011,1:15:00,8.89,55,7.9,8.15,8.53,8.11,8.41,8.15,7.78,7.85,8.11,8.12,7.97,8.51,8.14,8.32,7.9,8.46,7.72,,,,,,,,,,,,
15/04/2011,1:30:00,8.89,54.2,7.93,8.15,8.48,8.13,8.39,8.22,7.8,7.76,8.08,8.07,7.97,8.35,8.12,8.31,7.93,8.63,7.72,,,,,,,,,,,,
15/04/2011,1:45:00,8.89,54,7.77,8.06,8.24,8.01,8.26,8.06,7.62,7.69,8.02,7.99,7.9,8.35,8.05,8.15,7.77,8.44,7.67,,,,,,,,,,,,
15/04/2011,2:00:00,8.89,50.6,7.8,8.02,8.36,8.01,8.27,8,7.65,7.77,7.93,7.93,8.02,8.38,7.99,8.19,7.8,8.41,7.65,,,,,,,,,,,,
15/04/2011,2:15:00,8.89,51.7,7.83,7.99,8.32,8.14,8.35,8.18,7.67,7.81,8.03,7.92,7.98,8.31,8.09,8.17,7.83,8.47,7.65,,,,,,,,,,,,
15/04/2011,2:30:00,8.89,52.9,7.77,7.99,8.33,8.1,8.35,8.05,7.67,7.74,7.92,7.92,7.88,8.15,8.1,8.08,7.77,8.43,7.62,,,,,,,,,,,,
15/04/2011,2:45:00,8.33,53.7,7.27,7.52,7.75,7.64,7.9,7.76,7.19,7.24,7.29,7.4,7.39,7.72,7.68,7.64,7.27,7.97,7.16,,,,,,,,,,,,
15/04/2011,3:00:00,7.78,56.2,6.91,7.14,7.36,7.23,7.5,7.24,6.73,6.84,7.05,7.04,7.06,7.38,7.27,7.25,6.91,7.47,6.74,,,,,,,,,,,,
15/04/2011,3:15:00,7.78,53.1,6.98,7.22,7.62,7.18,7.45,7.18,6.75,6.94,7.17,7.15,7.11,7.41,7.17,7.39,6.98,7.45,6.76,,,,,,,,,,,,
15/04/2011,3:30:00,7.78,52.6,6.74,7.03,7.3,7.18,7.4,6.77,6.54,6.65,6.84,6.8,6.84,7.16,7.1,7.03,6.74,7.07,6.52,,,,,,,,,,,,
15/04/2011,3:45:00,7.78,48.9,6.61,6.87,7.27,6.9,7.14,6.85,6.42,6.68,6.87,6.85,6.85,7.27,6.84,7.05,6.61,7.24,6.45,,,,,,,,,,,,
15/04/2011,4:00:00,7.78,49.4,6.32,6.63,6.9,6.67,6.97,6.59,6.07,6.27,6.49,6.44,6.45,6.81,6.74,6.68,6.32,6.87,6.11,,,,,,,,,,,,
15/04/2011,4:15:00,7.22,50.3,6.3,6.6,6.99,6.59,6.88,6.5,6.05,6.25,6.49,6.41,6.39,6.82,6.46,6.67,6.3,6.84,6.06,,,,,,,,,,,,
15/04/2011,4:30:00,7.22,49.1,6.22,6.5,6.82,6.5,6.85,6.15,5.97,6.08,6.12,6.3,6.31,6.65,6.42,6.5,6.22,6.54,5.97,,,,,,,,,,,,
15/04/2011,4:45:00,6.67,49.8,5.74,6.01,6.29,6.08,6.39,5.83,5.52,5.67,5.86,5.82,5.86,6.18,6.05,6.13,5.74,6.12,5.49,,,,,,,,,,,,
15/04/2011,5:00:00,7.22,48.7,5.6,6,6.35,5.89,6.22,5.92,5.44,5.62,5.9,5.81,5.83,6.27,5.87,6.06,5.6,6.3,5.46,,,,,,,,,,,,
15/04/2011,5:15:00,6.67,49.2,5.68,5.9,6.32,6.05,6.28,5.71,5.43,5.59,5.75,5.75,5.75,6.07,5.86,5.99,5.68,6.07,5.4,,,,,,,,,,,,
15/04/2011,5:30:00,6.67,49.6,5.39,5.66,6.01,5.71,5.99,5.51,5.06,5.32,5.56,5.47,5.55,5.88,5.59,5.74,5.39,5.81,5.12,,,,,,,,,,,,
15/04/2011,5:45:00,6.67,48.4,5.24,5.48,5.83,5.55,5.8,5.45,4.94,5.17,5.43,5.42,5.39,5.75,5.46,5.57,5.24,5.87,4.97,,,,,,,,,,,,
15/04/2011,6:00:00,6.67,45.9,5.2,5.52,5.85,5.45,5.74,5.37,4.92,5.12,5.5,5.31,5.4,5.66,5.47,5.52,5.2,5.85,4.85,,,,,,,,,,,,
15/04/2011,6:15:00,6.67,43.7,5.29,5.54,5.95,5.5,5.72,5.46,4.99,5.27,5.58,5.42,5.55,5.88,5.42,5.62,5.29,5.84,4.99,,,,,,,,,,,,
15/04/2011,6:30:00,6.11,44.4,5.14,5.45,5.7,5.42,5.8,5.21,4.89,5.07,5.34,5.29,5.3,5.65,5.19,5.48,5.14,5.67,4.84,,,,,,,,,,,,
15/04/2011,6:45:00,6.11,45,4.88,5.2,5.6,5.21,5.52,4.98,4.64,4.84,5.2,5.05,5.16,5.47,5.06,5.24,4.88,5.44,4.61,,,,,,,,,,,,
15/04/2011,7:00:00,6.11,42.1,4.82,5.14,5.51,5.27,5.43,4.96,4.56,4.81,5.22,5.02,5.02,5.47,5.11,5.19,4.82,5.45,4.59,,,,,,,,,,,,
15/04/2011,7:15:00,6.11,42.4,4.77,5.12,5.44,5.17,5.32,4.86,4.46,4.73,5.07,4.93,5.04,5.26,5.02,5.08,4.77,5.47,4.47,,,,,,,,,,,,
15/04/2011,7:30:00,6.11,42.2,4.67,5.05,5.45,5.24,5.43,4.89,4.5,4.76,5.1,4.95,4.95,5.29,5.05,5.14,4.67,5.3,4.52,,,,,,,,,,,,
15/04/2011,7:45:00,6.11,41.8,4.83,5.12,5.6,5.62,5.78,5.21,4.58,5.06,5.37,5.21,5.17,5.53,5.4,5.44,4.83,5.63,4.7,,,,,,,,,,,,
15/04/2011,8:00:00,6.67,41,5.23,5.5,5.83,6.22,6.49,5.69,5.01,5.8,5.99,5.77,5.55,6.07,6.04,5.97,5.23,6.18,5.24,,,,,,,,,,,,
15/04/2011,8:15:00,6.67,39.4,5.97,6.16,6.62,7.05,7.29,6.67,5.79,6.85,6.85,6.69,6.38,6.75,6.85,6.69,5.97,6.84,6.07,,,,,,,,,,,,
15/04/2011,8:30:00,7.22,38.2,6.75,6.96,7.23,7.85,8.31,7.6,6.83,7.67,7.57,7.53,7.14,7.42,7.47,7.48,6.75,7.46,7.07,,,,,,,,,,,,
15/04/2011,8:45:00,7.78,37.4,7.61,7.66,7.9,8.48,9.36,8.71,7.92,8.7,8.24,8.28,7.87,8.15,8.22,8.34,7.61,8.23,8.01,,,,,,,,,,,,
15/04/2011,9:00:00,8.33,36.2,8.24,8.68,8.53,9.4,10.18,9.67,9.07,9.56,8.98,9.05,8.7,8.85,9.29,9.06,8.24,8.83,8.94,,,,,,,,,,,,
15/04/2011,9:15:00,8.89,36,9.3,10.07,9.31,10.57,11.38,11.17,10.32,10.49,10.14,10.1,9.68,9.87,10.46,10.01,9.3,9.72,10.15,,,,,,,,,,,,
15/04/2011,9:30:00,9.44,34.6,10.38,10.89,10.3,11.48,12.15,12.34,11.64,11.57,11,11.14,10.79,10.77,11.66,11.2,10.38,10.3,11.5,,,,,,,,,,,,
15/04/2011,9:45:00,10,33.8,11.83,11.7,11.24,12.49,13.37,13.98,12.6,12.48,12.04,11.94,12.1,11.81,12.81,12.04,11.83,11.44,12.71,,,,,,,,,,,,
15/04/2011,10:00:00,10.56,32.3,13.22,12.37,12.25,13.46,14.24,15.12,14.09,13.48,12.85,13.24,13.25,12.63,13.74,13.06,13.22,12.02,14.24,,,,,,,,,,,,
15/04/2011,10:15:00,11.11,31.3,14.67,14.25,12.94,14.48,15.34,16.2,15.57,14.45,13.8,14.15,14.37,13.48,14.64,14.12,14.67,12.82,15.07,,,,,,,,,,,,
15/04/2011,10:30:00,11.67,29.7,15.72,14.65,14.31,15.75,16.91,18.06,17.47,15.99,15.35,15.53,15.54,14.98,16.15,15.45,15.72,13.88,16.73,,,,,,,,,,,,
15/04/2011,10:45:00,12.22,28.5,16.82,15.59,15.34,16.64,17.65,19.05,18.4,17.01,15.78,16.41,16.37,15.62,16.97,16.53,16.82,14.22,18.27,,,,,,,,,,,,
15/04/2011,11:00:00,13.33,27.1,17.89,16.72,16.82,17.87,19.27,20.17,19.87,18.18,17.08,17.27,18.17,16.76,18.09,17.71,17.89,15.35,19.94,,,,,,,,,,,,
15/04/2011,11:15:00,13.33,26.7,18.75,16.8,17.24,18.61,20.27,21.57,20.6,19.68,17.77,18.82,19.37,17.86,19.22,18.83,18.75,16.17,21.62,,,,,,,,,,,,
15/04/2011,11:30:00,13.89,24.5,20.49,17.81,18.65,19.36,21.25,22.21,21.72,20.17,18.44,20.22,20.3,18.56,19.87,19.47,20.49,16.55,22.71,,,,,,,,,,,,
15/04/2011,11:45:00,13.89,23.9,21.24,18.69,19.18,20.42,22.79,23.54,22.71,21.98,19.31,21.08,21.7,19.69,20.86,21.1,21.24,17.42,24.22,,,,,,,,,,,,
15/04/2011,12:00:00,15,21.5,22.55,19.76,20.28,21.72,23.82,24.65,24.11,23.58,20.62,21.96,22.12,21.24,22.3,22.64,22.55,18.21,25.28,,,,,,,,,,,,
15/04/2011,12:15:00,15,21.3,23.09,19.94,20.97,21.83,23.56,25.4,23.71,23.61,20.93,22.22,23.82,21.96,22.47,22.97,23.09,18.17,25.25,,,,,,,,,,,,
15/04/2011,12:30:00,15,20.8,23.67,20.65,21.45,22.52,24.53,26.3,24.48,24,21.72,22.92,24.93,22.39,23.37,23.19,23.67,18.68,25.91,,,,,,,,,,,,
15/04/2011,12:45:00,15,19.5,24.12,21.22,22.16,22.96,24.57,27.2,25.03,25.16,21.91,23.85,25.41,22.65,23.75,24.05,24.12,19.14,27.05,,,,,,,,,,,,
15/04/2011,13:00:00,15.56,18.3,25.52,21.64,22.87,23.69,25.94,28.25,26.2,25.87,22.55,24.78,26.48,24.22,24.62,25.15,25.52,19.43,28.16,,,,,,,,,,,,
15/04/2011,13:15:00,16.11,17.3,25.98,21.81,23.7,24.45,26.97,29.22,26.99,26.45,23.66,25.16,27.07,24.9,25.45,25.16,25.98,20.17,28.79,,,,,,,,,,,,
15/04/2011,13:30:00,16.11,14.7,26.4,23.64,23.77,24.92,27.56,30.19,27.32,26.54,23.81,25.53,27.43,25.36,26.11,25.54,26.4,20.64,29.35,,,,,,,,,,,,
15/04/2011,13:45:00,16.11,14.8,26.97,23.33,24.4,25.1,28.03,30,27.39,26.84,23.78,26.7,27.28,26.59,26,25.87,26.97,20.47,30.06,,,,,,,,,,,,
15/04/2011,14:00:00,16.67,15.5,27.66,24.36,24.73,26.11,28.75,30.68,27.77,27.19,24.66,26.95,28.01,26.51,27.2,26.64,27.66,21.07,30.67,,,,,,,,,,,,
15/04/2011,14:15:00,17.22,14.4,28.27,24.07,25.36,26.44,29.35,31.46,28.05,27.15,25.17,27.62,28.39,26.63,27.25,26.8,28.27,21.44,30.83,,,,,,,,,,,,
15/04/2011,14:30:00,17.22,13.6,28.02,24.08,25.05,26.86,29.82,31.18,28.28,27.47,25.27,27.45,28.6,26.09,28.02,26.77,28.02,21.7,31.25,,,,,,,,,,,,
15/04/2011,14:45:00,17.78,14.2,28.32,24.7,25.08,26.8,29.52,31.3,28.25,27.7,25.24,27.55,28.64,26.3,27.83,26.87,28.32,21.89,31.4,,,,,,,,,,,,
15/04/2011,15:00:00,17.22,12,28.47,24.33,24.87,26.47,29.98,30.92,27.65,26.72,25.47,27.2,28.08,25.46,27.6,26.67,28.47,22.14,31.01,,,,,,,,,,,,
15/04/2011,15:15:00,17.78,11.8,27.78,24.3,24.86,25.95,29.1,29.78,26.67,26.51,24.95,26.75,27.7,24.91,26.95,26.39,27.78,21.37,30.13,,,,,,,,,,,,
15/04/2011,15:30:00,18.33,11.6,27.91,24.33,24.66,26.26,29.53,28.99,27.1,27.22,25.17,27.35,27.8,25.93,26.97,27.16,27.91,21.61,30.82,,,,,,,,,,,,
15/04/2011,15:45:00,17.78,11.9,27.37,24.35,24.42,26.73,30.25,29.11,27.13,26.73,25.48,26.65,27.18,25.22,27.42,26.4,27.37,22.12,30.17,,,,,,,,,,,,
15/04/2011,16:00:00,18.33,11.1,26.97,23.95,24.2,25.91,29.27,28.2,26.07,26.1,24.94,25.92,27.33,24.49,26.77,25.72,26.97,21.47,28.96,,,,,,,,,,,,
15/04/2011,16:15:00,18.33,11.5,26.89,24.09,24.45,25.83,29.06,27.82,25.64,26.23,25.21,25.94,27.2,24.47,26.01,25.71,26.89,21.6,28.86,,,,,,,,,,,,
15/04/2011,16:30:00,17.78,11.2,26.23,24.01,23.98,25.28,28.73,27.02,24.95,25.55,24.84,25.04,26.2,23.93,25.57,24.91,26.23,21.49,27.94,,,,,,,,,,,,
15/04/2011,16:45:00,18.89,10.2,25.88,23.44,23.79,25.22,28.41,26.27,24.8,25.36,24.42,24.47,25.99,23.35,25.43,24.56,25.88,21.37,27.46,,,,,,,,,,,,
15/04/2011,17:00:00,18.33,11.5,25.36,22.81,23.42,24.58,27.83,25.53,24.09,24.89,24.16,23.81,25.79,22.86,24.54,23.8,25.36,21.07,26.51,,,,,,,,,,,,
15/04/2011,17:15:00,18.33,11.3,24.68,21.81,22.91,23.95,27.09,24.97,23.2,24.47,23.32,23.19,24.98,21.84,23.83,23.06,24.68,20.57,25.29,,,,,,,,,,,,
15/04/2011,17:30:00,17.78,11.3,23.98,21.55,22.56,23.55,26.49,24.03,22.42,23.57,22.11,22.27,23.96,21.68,23.02,22.4,23.98,20.16,24.62,,,,,,,,,,,,
15/04/2011,17:45:00,17.78,11.4,23.15,21.09,21.89,22.67,25.62,23.01,21.65,23.22,21.65,21.41,23.76,21.04,22.32,21.81,23.15,19.84,23.94,,,,,,,,,,,,
15/04/2011,18:00:00,17.78,11.2,22.1,20.5,21.25,22.24,25.03,21.89,20.88,22.35,21.1,20.65,22.96,20.41,21.9,21.06,22.1,19.48,22.85,,,,,,,,,,,,
15/04/2011,18:15:00,17.78,11.2,21.32,20.1,20.52,21.37,24.03,20.92,20.08,21.1,19.91,19.68,21.74,19.47,21.13,20.27,21.32,18.7,21.54,,,,,,,,,,,,
15/04/2011,18:30:00,17.78,11.7,19.96,19.5,19.7,20.38,23,20.02,19.37,20.52,19.14,18.92,21.4,19.03,20.01,19.62,19.96,18.17,20.72,,,,,,,,,,,,
15/04/2011,18:45:00,17.22,11.3,18.7,18.52,18.7,19.43,21.5,18.84,18.36,19.14,17.94,17.86,19.73,18.06,18.94,18.47,18.7,17.18,19.21,,,,,,,,,,,,
15/04/2011,19:00:00,16.67,11.6,17.47,17.78,17.87,18.2,20,17.75,17.3,18.03,16.83,16.92,18.85,17.23,17.63,17.47,17.47,16.37,18.05,,,,,,,,,,,,
15/04/2011,19:15:00,16.67,12.5,16.27,16.67,16.93,17.16,18.85,16.51,16.23,16.64,15.81,16,17.53,16.32,16.95,16.51,16.27,15.59,16.7,,,,,,,,,,,,
15/04/2011,19:30:00,16.11,12.6,15.12,15.68,15.93,16.13,17.16,15.28,15.02,15.41,14.67,15.02,15.91,15.34,15.88,15.4,15.12,14.67,15.42,,,,,,,,,,,,
15/04/2011,19:45:00,15.56,12.9,14.02,14.56,14.63,14.76,15.45,13.78,13.79,14.07,13.47,13.92,14.23,14.2,14.65,14.19,14.02,13.7,14.01,,,,,,,,,,,,
15/04/2011,20:00:00,13.89,14,12.61,13.21,13.22,13.29,13.85,12.14,12.28,12.48,11.78,12.56,12.48,12.85,13.32,12.81,12.61,12.02,12.47,,,,,,,,,,,,
15/04/2011,20:15:00,12.78,15,10.86,11.37,11.44,11.43,12.18,10.17,10.62,10.82,9.55,11.05,10.61,11.22,11.78,11.03,10.86,9.73,10.87,,,,,,,,,,,,
15/04/2011,20:30:00,10,17.4,8.65,8.97,9.17,9.21,10.3,8.49,8.42,8.65,7.45,8.97,8.44,9.15,8.92,8.89,8.65,7.63,8.92,,,,,,,,,,,,
15/04/2011,20:45:00,9.44,18.1,7.24,7.7,7.98,7.7,8.8,7.46,7.11,7.52,6.68,7.85,7.27,8.16,7.3,7.73,7.24,6.9,7.68,,,,,,,,,,,,
15/04/2011,21:00:00,8.33,18.7,6.52,7.09,7.31,7.14,7.96,6.78,6.22,6.79,5.86,7.15,6.4,7.52,6.46,7.02,6.52,6.19,6.89,,,,,,,,,,,,
15/04/2011,21:15:00,7.78,19.1,5.66,6.22,6.53,6.21,7.12,6.4,5.46,6,5.73,6.41,5.65,7,6.22,6.25,5.66,5.95,6.09,,,,,,,,,,,,
15/04/2011,21:30:00,7.22,19.8,5.52,6.23,6.45,5.57,6.79,6.12,5.23,5.85,5.28,6.06,5.41,6.65,5.57,6.12,5.52,5.45,5.85,,,,,,,,,,,,
15/04/2011,21:45:00,7.22,20.8,5.39,5.96,6.42,7.42,6.85,6.75,4.95,5.93,6.57,6.05,5.47,6.89,7.05,6.21,5.39,7.28,5.61,,,,,,,,,,,,
15/04/2011,22:00:00,8.33,23.7,6.76,7.93,7.87,5.8,6.39,6.35,6.29,7.15,6.12,7.3,6.49,7.75,6.02,7.42,6.76,6.46,6.67,,,,,,,,,,,,
15/04/2011,22:15:00,6.67,26,4.83,5.38,5.48,4.71,5.3,4.2,4.65,5.15,4.1,5.45,4.48,5.79,4.71,5.28,4.83,4.27,5.15,,,,,,,,,,,,
15/04/2011,22:30:00,5.56,31.1,4.1,4.59,5.07,3.99,4.71,3.71,3.87,4.64,3.69,4.88,3.98,5.41,4.06,4.72,4.1,3.85,4.48,,,,,,,,,,,,
15/04/2011,22:45:00,5,33.2,3.05,3.49,3.73,2.21,3.39,2.28,2.82,3.47,1.8,3.83,2.85,4.01,2.48,3.41,3.05,1.73,3.5,,,,,,,,,,,,
15/04/2011,23:00:00,5,34.8,1.52,2.03,2.21,1.6,2.82,1.56,1.43,2.05,1.31,2.39,1.61,2.87,1.85,1.85,1.52,1.17,2.41,,,,,,,,,,,,
15/04/2011,23:15:00,5,35,0.84,1.44,1.78,1.14,2.2,1.19,0.79,1.55,0.47,1.84,1.1,2.39,1.2,1.48,0.84,0.47,1.76,,,,,,,,,,,,
15/04/2011,23:30:00,4.44,35.9,0.21,0.62,1.01,0.69,1.82,0.44,0.15,0.81,0.08,1.11,0.39,1.58,0.78,0.68,0.21,-0.08,1.2,,,,,,,,,,,,
15/04/2011,23:45:00,4.44,37.9,-0.18,-0.08,0.59,0.38,1.33,0.09,-0.19,0.47,-0.37,0.74,0,1.24,0.38,0.26,-0.18,-0.66,0.83,,,,,,,,,,,,
16/04/2011,0:00:00,4.44,37.7,-0.7,-0.25,0.2,0.05,1.1,-0.28,-0.7,0.01,-0.36,0.21,-0.39,0.87,-0.06,-0.21,-0.7,-0.78,0.5,,,,,,,,,,,,
16/04/2011,0:15:00,3.89,38.4,-0.91,-0.58,0,-0.19,0.82,-0.46,-0.98,-0.19,-0.63,0.03,-0.63,0.58,-0.17,-0.33,-0.91,-0.86,0.19,,,,,,,,,,,,
16/04/2011,0:30:00,3.89,39.7,-1.14,-0.76,-0.24,-0.19,0.62,-0.71,-1.11,-0.29,-0.94,-0.24,-0.85,0.33,-0.34,-0.59,-1.14,-1.45,0.01,,,,,,,,,,,,
16/04/2011,0:45:00,3.89,39.5,-1.49,-0.92,-0.25,-0.25,0.48,-0.74,-1.4,-0.43,-0.79,-0.37,-0.94,0.18,-0.46,-0.71,-1.49,-1.19,-0.17,,,,,,,,,,,,
16/04/2011,1:00:00,2.78,41.6,-1.67,-1.33,-0.47,-0.38,0.25,-1.03,-1.65,-0.61,-1.22,-0.61,-1.28,-0.04,-0.78,-1.06,-1.67,-1.83,-0.33,,,,,,,,,,,,
16/04/2011,1:15:00,2.22,45.4,-1.45,-0.97,-0.76,-0.45,0.18,-1.1,-1.65,-0.88,-1.58,-1.01,-1.6,-0.35,-0.87,-1.29,-1.45,-2.12,-0.52,,,,,,,,,,,,
16/04/2011,1:30:00,2.22,49.1,-0.97,-0.32,-0.1,0.26,0.67,-0.62,-1.28,-0.45,-0.36,-0.66,-1.1,0.11,-0.2,-0.84,-0.97,-0.7,-0.35,,,,,,,,,,,,
16/04/2011,1:45:00,2.78,46.3,-1.47,-0.85,-0.43,-0.24,0.27,-0.56,-1.71,-0.25,-0.95,-0.4,-0.99,0.18,-0.66,-0.66,-1.47,-1.31,-0.3,,,,,,,,,,,,
16/04/2011,2:00:00,3.33,41.7,-0.93,-0.29,0.28,-0.06,0.32,-0.53,-1.46,-0.63,-0.71,-0.58,-1.27,-0.01,-0.43,-1.01,-0.93,-0.89,-0.29,,,,,,,,,,,,
16/04/2011,2:15:00,2.78,41.4,-0.52,0.28,0.61,0.44,0.62,0.01,-0.96,-0.31,-0.29,0.12,-0.99,0.2,-0.15,-0.57,-0.52,-0.51,-0.05,,,,,,,,,,,,
16/04/2011,2:30:00,1.67,43.8,-0.22,0.5,0.84,0.73,0.87,0.67,-0.64,0.25,0.37,0.2,-0.62,0.9,0.2,0.01,-0.22,0.42,0.12,,,,,,,,,,,,
16/04/2011,2:45:00,0.56,44.7,-1.17,-0.69,-0.24,-0.01,0.45,0.47,-1.3,-0.4,-0.43,-0.59,-0.49,0.73,-0.34,-0.71,-1.17,-0.78,-0.37,,,,,,,,,,,,
16/04/2011,3:00:00,0.56,47,-0.8,-0.13,0.17,0.27,0.59,0.37,-1,-0.16,-0.29,-0.31,-1.14,0.11,-0.21,-0.47,-0.8,-0.59,-0.23,,,,,,,,,,,,
16/04/2011,3:15:00,0,47.9,-1.52,-0.87,-0.38,-0.28,0.13,0.27,-1.51,-0.64,-0.79,-0.82,-1.4,0.24,-0.7,-0.96,-1.52,-1.24,-0.59,,,,,,,,,,,,
16/04/2011,3:30:00,-0.56,49,-1.39,-0.7,-0.26,-0.26,0.07,0.03,-1.55,-0.61,-0.91,-0.72,-1.37,-0.17,-0.72,-0.92,-1.39,-1.22,-0.5,,,,,,,,,,,,
16/04/2011,3:45:00,-0.56,48.6,-1.48,-0.76,-0.31,-0.28,0,0.23,-1.56,-0.55,-0.93,-0.75,-1.44,-0.17,-0.78,-0.79,-1.48,-1.25,-0.56,,,,,,,,,,,,
16/04/2011,4:00:00,0,46.8,-1.12,-0.44,-0.13,0.12,0.31,-0.03,-1.24,-0.34,-0.38,-0.45,-1.24,-0.03,-0.37,-0.57,-1.12,-0.56,-0.48,,,,,,,,,,,,
16/04/2011,4:15:00,0,47.1,-0.87,-0.14,0.19,0.21,0.36,0,-1.1,-0.1,-0.46,-0.28,-1.04,0.25,-0.32,-0.32,-0.87,-0.57,-0.32,,,,,,,,,,,,
16/04/2011,4:30:00,0.56,46.4,-0.83,-0.09,0.22,0.2,0.4,0.05,-0.97,-0.09,-0.14,-0.24,-0.97,0.44,-0.22,-0.24,-0.83,-0.29,-0.24,,,,,,,,,,,,
16/04/2011,4:45:00,0.56,45.9,-0.64,0.08,0.3,0.35,0.5,0.32,-0.74,-0.04,0.02,-0.11,-0.89,0.59,-0.13,-0.15,-0.64,0,-0.13,,,,,,,,,,,,
16/04/2011,5:00:00,0.56,45.2,-0.47,0.25,0.43,0.38,0.56,0.34,-0.57,0.05,0.13,-0.03,-0.72,0.71,-0.07,-0.09,-0.47,0.06,-0.17,,,,,,,,,,,,
16/04/2011,5:15:00,0.56,44.8,-0.54,0.02,0.26,0.24,0.41,0.13,-0.82,-0.12,0.21,-0.22,-0.91,0.42,-0.07,-0.21,-0.54,0.18,-0.3,,,,,,,,,,,,
16/04/2011,5:30:00,0,45.8,-0.59,0.02,0.17,0.17,0.36,0.02,-0.7,-0.17,0,-0.27,-0.95,0.4,-0.2,-0.27,-0.59,-0.18,-0.29,,,,,,,,,,,,
16/04/2011,5:45:00,0,45.8,-0.74,-0.18,-0.03,0.02,0.29,-0.04,-0.89,-0.29,-0.09,-0.32,-1.03,0.37,-0.29,-0.33,-0.74,-0.29,-0.37,,,,,,,,,,,,
16/04/2011,6:00:00,0.56,45.5,-0.67,-0.11,0.06,0.29,0.33,0.19,-0.72,-0.23,-0.07,-0.36,-1,0.38,-0.24,-0.41,-0.67,-0.19,-0.34,,,,,,,,,,,,
16/04/2011,6:15:00,0.56,45.7,-0.71,-0.14,-0.02,0.15,0.3,0.29,-0.77,-0.28,0,-0.39,-1.05,0.29,-0.2,-0.4,-0.71,-0.06,-0.4,,,,,,,,,,,,
16/04/2011,6:30:00,0,45.8,-0.83,-0.38,-0.13,-0.13,0.14,0.1,-1,-0.49,-0.15,-0.51,-1.19,0.1,-0.32,-0.61,-0.83,-0.4,-0.48,,,,,,,,,,,,
16/04/2011,6:45:00,0,45.8,-1.2,-0.62,-0.44,-0.33,-0.01,-0.02,-1.29,-0.79,-0.29,-0.81,-1.59,-0.17,-0.54,-0.87,-1.2,-0.6,-0.74,,,,,,,,,,,,
16/04/2011,7:00:00,-0.56,47.2,-1.46,-0.99,-0.72,-0.54,-0.31,-0.47,-1.56,-0.94,-0.75,-0.98,-1.77,-0.3,-0.92,-1.11,-1.46,-1.04,-0.92,,,,,,,,,,,,
16/04/2011,7:15:00,-0.56,47.8,-1.52,-0.89,-0.55,-0.47,-0.29,-0.48,-1.64,-0.92,-0.86,-1.02,-1.69,-0.41,-0.91,-1.08,-1.52,-1.09,-1,,,,,,,,,,,,
16/04/2011,7:30:00,0,47.3,-1.25,-0.67,-0.27,-0.44,-0.14,-0.24,-1.41,-0.38,-0.89,-0.52,-1.36,0.14,-0.97,-0.55,-1.25,-1.26,-0.61,,,,,,,,,,,,
16/04/2011,7:45:00,0,46.6,-0.24,0.37,0.8,0.56,0.75,0.36,-0.35,0.83,0.12,0.7,-0.29,1.1,0.04,0.55,-0.24,0.05,0.34,,,,,,,,,,,,
16/04/2011,8:00:00,1.67,44.3,1.08,1.67,2.18,1.76,1.87,1.4,0.97,2.56,2.08,2.4,1.3,2.58,1.19,2.4,1.08,1.26,1.65,,,,,,,,,,,,
16/04/2011,8:15:00,2.78,42.6,2.86,3.25,3.72,3.42,3.4,2.82,2.85,4.55,5.01,4.54,3.17,4.35,2.8,4.48,2.86,2.99,3.5,,,,,,,,,,,,
16/04/2011,8:30:00,5.56,36.5,4.95,5.55,5.75,5.46,5.6,5.8,5.34,6.74,6.83,6.89,5.45,6.23,4.82,6.45,4.95,4.98,5.73,,,,,,,,,,,,
16/04/2011,8:45:00,6.67,34.4,6.72,7.05,7.27,7.22,7.72,8.91,7.52,8.67,8.33,8.47,7.37,7.74,6.48,8.05,6.72,7.46,7.66,,,,,,,,,,,,
